ID,TIPO,RAZON,ACTIVATION_CHANNEL,AGEING,BUSINESS_UNIT,TECHNOLOGY,DEVICE_TECHNOLOGY,DATA_USR,DATA_USR_M-1,DATA_USR_M-2,DATA_USR_M-3,DEVICE_TYPE,REGIONAL,DEPARTMENT,CITY,OPENING,GROSS,RECONNECTION,QTY_RCHG,QTY_RCHG_M-1,QTY_RCHG_M-2,QTY_RCHG_M-3,AMNT_RCHG,AMNT_RCHG_M-1,AMNT_RCHG_M-2,AMNT_RCHG_M-3,REV_TOTAL,REV_TOTAL_M-1,REV_TOTAL_M-2,REV_TOTAL_M-3,REV_IN,REV_IN_M-1,REV_IN_M-2,REV_IN_M-3,REV_OUT,REV_OUT_M-1,REV_OUT_M-2,REV_OUT_M-3,ARPU,CALLS_IN,CALLS_IN_M-1,CALLS_IN_M-2,CALLS_IN_M-3,MINUTES_IN,MINUTES_IN_M-1,MINUTES_IN_M-2,MINUTES_IN_M-3,MSG_IN,MSG_IN_M-1,MSG_IN_M-2,MSG_IN_M-3,CALLS_OUT,CALLS_OUT_M-1,CALLS_OUT_M-2,CALLS_OUT_M-3,MINUTES_OUT,MINUTES_OUT_M-1,MINUTES_OUT_M-2,MINUTES_OUT_M-3,MSG_OUT,MSG_OUT_M-1,MSG_OUT_M-2,MSG_OUT_M-3,PCKG_VOICE_FIXNET_M-1,PCKG_VOICE_FIXNET_M-2,PCKG_VOICE_FIXNET_M-3,REV_OUT_COMMUNICATION,REV_OUT_COMMUNICATION_M-1,REV_OUT_COMMUNICATION_M-2,REV_OUT_COMMUNICATION_M-3,REV_OUT_ENTERTAIMENT,REV_OUT_ENTERTAIMENT_M-1,REV_OUT_ENTERTAIMENT_M-2,REV_OUT_ENTERTAIMENT_M-3,REV_OUT_INFORMATION,REV_OUT_INFORMATION_M-1,REV_OUT_INFORMATION_M-2,REV_OUT_INFORMATION_M-3,REV_OUT_SOLUTIONS,REV_OUT_SOLUTIONS_M-1,REV_OUT_SOLUTIONS_M-2,REV_OUT_SOLUTIONS_M-3,CONSUMO_DATOS,CONSUMO_DATOS_M-1,CONSUMO_DATOS_M-2,CONSUMO_DATOS_M-3,CORE,CORE_M-1,CORE_M-2,CORE_M-3,DIAS_INACTIVIDAD,DIAS_INACTIVIDAD_M-1,DIAS_INACTIVIDAD_M-2,DIAS_INACTIVIDAD_M-3,QTY_PQT,PQT_MAS_COMPRADO,qty_pqt_M.1,pqt_mas_comprado_M.1,qty_pqt_M.2,pqt_mas_comprado_M.2,qty_pqt_M.3,pqt_mas_comprado_M.3,CHURN
90659,Churn,Port Out,DISTRIBUIDORES,43.0,MOBILE,4G,4G,Y,Y,Y,Y,SMARTPHONE,COSTA,ATLÁNTICO,SOLEDAD,Y,N,N,4.0,7,6,5,12000.0,21000.0,21000.0,15000.0,10509.0,18754,18314,13747,473.0,1190,750,1201,10036.0,17564,17564,12546,0,116.0,158,105,180,106.0,162.6,102.8,208.2,6.0,4.0,1.0,3.0,114.0,221,135,163,124.1,154.6,84.1,170.8,0.0,0,0,0,0.0,0.0,0.0,1465.0,2564,2564,1831,0.0,0,0,0,8571.0,15000,15000,10714,0.0,0,0,0,2296699.0,10712859.0,558497.0,2385923.0,CORE,CORE   ,CORE   ,CORE   ,1.0,0,0,0,,,,,,,,,1
473019,Churn,Port Out,FUERZA_VD,16.0,MOBILE,4G,2G,Y,N,N,Y,SMARTPHONE,COSTA,CÓRDOBA,MONTERÍA,Y,N,N,1.0,0,0,1,3000.0,0.0,0.0,3000.0,4810.0,1932,2135,3810,2301.0,1932,2135,1301,2509.0,0,0,2509,0,66.0,57,61,47,168.6,144.3,155.9,94.6,5.0,5.0,8.0,2.0,4.0,0,7,2,3.8,0.0,6.7,0.1,15.0,31,28,24,0.0,0.0,0.0,366.0,0,0,366,0.0,0,0,0,2143.0,0,0,2143,0.0,0,0,0,88283.9,74199.3,583735.0,164132.5,CORE,CORE   ,CORE   ,CORE   ,0.0,0,1,0,,,,,,,,,1
421306,Churn,Port Out,DISTRIBUIDORES,7.0,MOBILE,4G,2G,Y,Y,N,N,SMARTPHONE,BOGOTA,"BOGOTÁ, D. C.","BOGOTÁ, D.C.",Y,N,N,4.0,3,0,0,12000.0,9000.0,0.0,0.0,11096.0,7712,0,0,1060.0,185,0,0,10036.0,7527,0,0,0,89.0,20,0,0,121.8,18.1,0.0,0.0,3.0,3.0,0.0,0.0,166.0,76,0,0,389.3,142.2,0.0,0.0,4.0,136,0,0,0.0,0.0,0.0,1465.0,1099,0,0,0.0,0,0,0,8571.0,6429,0,0,0.0,0,0,0,8314362.0,2470139.0,0.0,0.0,CORE,CORE   ,NO CORE,NO CORE,0.0,0,92,61,,,,,,,,,1
291700,Churn,Port Out,DISTRIBUIDORES,1.0,MOBILE,2G,3G,Y,N,N,N,FEATURE PHONE,BOGOTA,"BOGOTÁ, D. C.","BOGOTÁ, D.C.",Y,N,N,1.0,0,0,0,5000.0,0.0,0.0,0.0,4182.0,0,0,0,0.0,0,0,0,4182.0,0,0,0,0,0.0,0,0,0,0.0,0.0,0.0,0.0,0.0,0.0,0.0,0.0,0.0,0,0,0,0.0,0.0,0.0,0.0,0.0,0,0,0,0.0,0.0,0.0,610.0,0,0,0,0.0,0,0,0,3571.0,0,0,0,0.0,0,0,0,0.0,0.0,0.0,0.0,CORE,NO CORE,NO CORE,NO CORE,2.0,0,0,0,,,,,,,,,1
447516,Churn,Port Out,FUERZA_VD,4.0,MOBILE,4G,2G,Y,Y,Y,Y,SMARTPHONE,BOGOTA,"BOGOTÁ, D. C.","BOGOTÁ, D.C.",Y,N,N,2.0,2,2,1,36000.0,40000.0,27000.0,6000.0,31264.0,33934,22767,5041,604.0,1139,185,23,30660.0,32795,22582,5018,0,26.0,21,10,1,44.4,74.9,12.5,1.8,14.0,7.0,17.0,0.0,83.0,59,28,2,158.8,44.4,41.5,1.2,24.0,28,8,1,0.0,0.0,0.0,4273.0,4517,3296,733,1387.0,1849,0,0,25000.0,26429,19286,4286,0.0,0,0,0,7925735.0,8495036.0,15766536.0,836171.3,CORE,CORE   ,CORE   ,CORE   ,0.0,0,0,0,,,,,,,,,1
72570,Churn,Port Out,DISTRIBUIDORES,3.0,MOBILE,4G,3G,Y,Y,N,N,SMARTPHONE,BOGOTA,"BOGOTÁ, D. C.","BOGOTÁ, D.C.",Y,N,N,7.0,2,0,0,21000.0,5000.0,0.0,0.0,21919.0,4198,0,0,4355.0,16,0,0,17564.0,4182,0,0,0,227.0,6,0,0,427.5,4.4,0.0,0.0,4.0,4.0,0.0,0.0,462.0,14,0,0,855.3,12.5,0.0,0.0,6.0,4,0,0,0.0,0.0,0.0,2564.0,610,0,0,0.0,0,0,0,15000.0,3571,0,0,0.0,0,0,0,16784174.0,1587687.0,0.0,0.0,CORE,CORE   ,NO CORE,NO CORE,0.0,0,1,0,,,,,,,,,1
120768,Churn,Port Out,TO BE DETERMINED,6.0,MOBILE,4G,4G,Y,Y,Y,Y,SMARTPHONE,BOGOTA,CUNDINAMARCA,SUBACHOQUE,Y,N,N,1.0,3,1,2,6000.0,36000.0,15000.0,21000.0,7122.0,34319,14600,20436,2104.0,4210,2054,2872,5018.0,30109,12546,17564,0,70.0,126,52,38,157.9,315.6,154.1,215.2,0.0,2.0,3.0,3.0,122.0,188,148,158,338.2,343.9,217.6,380.0,20.0,3,22,21,0.0,0.0,0.0,733.0,4395,1831,2564,0.0,0,0,0,4286.0,25714,10714,15000,0.0,0,0,0,34385662.0,45815999.0,29138099.0,21061337.0,CORE,CORE   ,CORE   ,CORE   ,0.0,0,0,0,,,,,,,,,1
359288,Churn,Port Out,FUERZA_VD,2.0,MOBILE,4G,4G,Y,Y,N,N,SMARTPHONE,BOGOTA,CUNDINAMARCA,GIRARDOT,Y,N,N,2.0,2,0,0,18000.0,30000.0,0.0,0.0,19536.0,26781,0,0,4481.0,1690,0,0,15055.0,25091,0,0,0,35.0,13,0,0,335.7,126.7,0.0,0.0,4.0,0.0,0.0,0.0,241.0,68,0,0,867.3,303.5,0.0,0.0,0.0,1,0,0,0.0,0.0,0.0,2198.0,3663,0,0,0.0,0,0,0,12857.0,21429,0,0,0.0,0,0,0,60034506.0,27894089.0,0.0,0.0,CORE,CORE   ,NO CORE,NO CORE,0.0,0,0,0,,,,,,,,,1
162058,Churn,Port Out,DISTRIBUIDORES,2.0,MOBILE,2G,2G,Y,N,N,N,LOW END,ANDINA,NORTE DE SANTANDER,LOS PATIOS,Y,N,N,1.0,0,0,0,5000.0,0.0,0.0,0.0,4182.0,0,0,0,0.0,0,0,0,4182.0,0,0,0,0,1.0,0,0,0,0.0,0.0,0.0,0.0,0.0,0.0,0.0,0.0,1.0,0,0,0,0.1,0.0,0.0,0.0,0.0,0,0,0,0.0,0.0,0.0,610.0,0,0,0,0.0,0,0,0,3571.0,0,0,0,0.0,0,0,0,0.0,0.0,0.0,0.0,CORE,NO CORE,NO CORE,NO CORE,28.0,20,0,0,,,,,,,,,1
262887,Churn,Port Out,DISTRIBUIDORES,53.0,MOBILE,4G,2G,Y,N,N,N,SMARTPHONE,COSTA,ATLÁNTICO,BARRANQUILLA,Y,N,N,0.0,0,0,0,0.0,0.0,0.0,0.0,59976.0,0,0,0,1787.0,0,0,0,58189.0,0,0,0,0,67.0,0,0,0,185.2,0.0,0.0,0.0,25.0,0.0,0.0,0.0,101.0,0,0,0,237.7,0.0,0.0,0.0,20.0,0,0,0,0.0,0.0,0.0,7323.0,0,0,0,0.0,0,0,0,50866.0,0,0,0,0.0,0,0,0,19103340.0,0.0,0.0,0.0,CORE,NO CORE,NO CORE,NO CORE,0.0,0,0,0,,,,,,,,,1
129864,Base,Base,DISTRIBUIDORES,4.0,MOBILE,4G,4G,Y,Y,N,Y,SMARTPHONE,COSTA,MAGDALENA,FUNDACIÓN,Y,N,N,1.0,1,0,1,3500.0,3000.0,0.0,7000.0,3768.0,2579,20,5870,841.0,70,20,15,2927.0,2509,0,5855,0,23.0,11,4,1,63.0,5.2,1.6,1.2,0.0,0.0,0.0,1.0,7.0,9,12,7,5.7,5.8,107.4,4.5,0.0,10,4,2,0.0,0.0,0.0,427.0,366,0,855,0.0,0,0,0,2500.0,2143,0,5000,0.0,0,0,0,1997867.0,1139607.0,59960.6,4170308.0,CORE,CORE   ,NO CORE,CORE   ,1.0,1,1,1,1.0,Voz Ilimitada + SMS Ilimitados Allnet + 350 MB + WA + FB 2d -$3000,1.0,Voz Ilimitada + SMS Ilimitados Allnet + 350 MB + WA + FB 2d -$3000,,,1.0,Voz Ilimitada + SMS Ilimitados Allnet + 2 GB + WA + FB 7d -$7000,0
385727,Base,Base,DISTRIBUIDORES,16.0,MOBILE,4G,2G,Y,Y,Y,Y,SMARTPHONE,SUR,VALLE DEL CAUCA,RESTREPO,Y,N,N,5.0,4,5,2,26500.0,17000.0,27000.0,21000.0,25972.0,17270,26422,21246,2828.0,3052,3840,3682,23144.0,14218,22582,17564,0,86.0,116,105,108,211.7,228.6,288.0,275.1,5.0,2.0,2.0,11.0,289.0,234,283,307,441.8,294.2,534.4,486.8,8.0,12,14,11,0.0,0.0,0.0,4048.0,2075,3296,2564,0.0,0,0,0,18929.0,12143,19286,15000,168.0,0,0,0,25390856.0,18501821.0,16818870.0,29587550.0,CORE,CORE   ,CORE   ,CORE   ,0.0,0,0,0,5.0,Voz Ilimitada + SMS Ilimitados Allnet + 1.3 GB + WA + FB 6d -$6000,4.0,Voz Ilimitada + SMS Ilimitados Allnet + 350 MB + WA + FB 2d -$3000,5.0,Voz Ilimitada + SMS Ilimitados Allnet + 1.3 GB + WA + FB 6d -$6000,2.0,Voz Ilimitada + SMS Ilimitados Allnet + 1.3 GB + WA + FB 6d -$6000,0
72123,Base,Base,DISTRIBUIDORES,8.0,MOBILE,4G,2G,Y,Y,Y,Y,SMARTPHONE,COSTA,LA GUAJIRA,MAICAO,Y,N,N,4.0,4,5,2,26000.0,15000.0,17000.0,9000.0,21984.0,13751,14495,7798,238.0,1205,277,40,21746.0,12546,14218,7758,0,23.0,30,16,4,17.8,90.2,20.7,2.9,3.0,1.0,0.0,0.0,37.0,29,15,4,18.2,23.6,18.5,1.2,6.0,13,5,2,0.0,0.0,0.0,3174.0,1831,2075,1099,0.0,0,0,231,18571.0,10714,12143,6429,0.0,0,0,0,9276660.0,7814102.0,7780966.0,2631647.0,CORE,CORE   ,CORE   ,CORE   ,1.0,1,0,0,4.0,Voz Ilimitada + SMS Ilimitados Allnet + 1.3 GB + WA + FB 6d -$6000,4.0,Voz Ilimitada + SMS Ilimitados Allnet + 350 MB + WA + FB 2d -$3000,5.0,Voz Ilimitada + SMS Ilimitados Allnet + 1 GB 2d -$3000,2.0,Voz Ilimitada + SMS Ilimitados Allnet + 350 MB + WA + FB 2d -$3000,0
439481,Base,Base,RETAIL,23.0,MOBILE,4G,2G,Y,Y,Y,Y,SMARTPHONE,ANDINA,ANTIOQUIA,MEDELLÍN,Y,N,N,3.0,4,5,5,24000.0,24000.0,28000.0,30000.0,20877.0,20451,23801,25564,597.0,378,331,473,20280.0,20073,23470,25091,0,27.0,24,23,34,43.7,27.8,24.4,34.7,10.0,9.0,7.0,9.0,78.0,69,113,92,63.8,53.2,97.7,77.8,18.0,33,25,19,0.0,0.0,0.0,2969.0,2930,3470,3663,0.0,0,0,0,17143.0,17143,20000,21429,168.0,0,0,0,1625515.0,8930932.0,10571212.0,11231965.0,CORE,CORE   ,CORE   ,CORE   ,0.0,0,0,0,3.0,Voz Ilimitada + SMS Ilimitados Allnet + 1.3 GB + WA + FB 6d -$6000,4.0,Voz Ilimitada + SMS Ilimitados Allnet + 1.3 GB + WA + FB 6d -$6000,5.0,Voz Ilimitada + SMS Ilimitados Allnet + 1.3 GB + WA + FB 6d -$6000,5.0,Voz Ilimitada + SMS Ilimitados Allnet + 1.3 GB + WA + FB 6d -$6000,0
404484,Base,Base,DISTRIBUIDORES,5.0,MOBILE,4G,2G,Y,Y,Y,Y,SMARTPHONE,BOGOTA,"BOGOTÁ, D. C.","BOGOTÁ, D.C.",Y,N,N,1.0,1,1,1,16000.0,15000.0,15000.0,15000.0,13522.0,12689,13211,12882,140.0,143,665,336,13382.0,12546,12546,12546,0,20.0,15,23,19,10.4,10.7,49.9,6.5,3.0,0.0,1.0,0.0,63.0,72,28,12,23.7,36.6,11.3,3.2,4.0,0,1,0,0.0,0.0,0.0,1953.0,1831,1831,1831,0.0,0,0,0,11429.0,10714,10714,10714,0.0,0,0,0,6749958.0,12599429.0,11610548.0,11466024.0,CORE,CORE   ,CORE   ,CORE   ,0.0,0,0,2,1.0,Voz Ilimitada + SMS Ilimitados Allnet + 6 GB + WA + FB 30d -$15000,1.0,Voz Ilimitada + SMS Ilimitados Allnet + 6 GB + WA + FB 30d -$15000,1.0,Voz Ilimitada + SMS Ilimitados Allnet + 6 GB + WA + FB 30d -$15000,1.0,Voz Ilimitada + SMS Ilimitados Allnet + 6 GB + WA + FB 30d -$15000,0
335114,Base,Base,TIENDAS_PROPIAS,51.0,MOBILE,4G,4G,Y,N,Y,Y,SMARTPHONE,COSTA,ATLÁNTICO,BARRANQUILLA,Y,N,N,2.0,0,6,10,7000.0,0.0,18000.0,33000.0,8332.0,396,16200,29105,2477.0,396,1145,1505,5855.0,0,15055,27600,0,102.0,33,76,187,258.0,47.6,123.0,188.5,1.0,4.0,1.0,7.0,10.0,2,45,109,19.0,0.6,127.9,136.4,17.0,23,24,19,0.0,0.0,0.0,855.0,0,2198,4029,0.0,0,0,0,5000.0,0,12857,23571,0.0,0,0,0,750928.6,148799.5,3793174.0,10962242.0,CORE,NO CORE,CORE   ,CORE   ,0.0,0,1,0,2.0,Voz Ilimitada + SMS Ilimitados Allnet + 350 MB + WA + FB 2d -$3000,,,6.0,Voz Ilimitada + SMS Ilimitados Allnet + 350 MB + WA + FB 2d -$3000,10.0,Voz Ilimitada + SMS Ilimitados Allnet + 350 MB + WA + FB 2d -$3000,0
297073,Base,Base,TIENDAS_PROPIAS,65.0,MOBILE,4G,2G,Y,Y,Y,Y,SMARTPHONE,SUR,RISARALDA,PEREIRA,Y,N,N,2.0,1,1,1,20000.0,15000.0,15000.0,15000.0,14305.0,12927,15930,13450,692.0,381,457,843,13613.0,12546,15473,12607,0,33.0,13,24,53,54.4,30.1,38.5,75.8,9.0,6.0,4.0,4.0,47.0,19,43,84,31.1,45.5,26.3,79.2,19.0,34,40,38,0.0,0.0,0.0,1953.0,1831,2259,1892,231.0,0,0,0,11429.0,10714,12920,10714,0.0,0,294,0,4183741.0,5434211.0,23118708.0,29540120.0,CORE,CORE   ,CORE   ,CORE   ,0.0,0,0,1,1.0,Voz Ilimitada + SMS Ilimitados Allnet + 6 GB + WA + FB 30d -$15000,1.0,Voz Ilimitada + SMS Ilimitados Allnet + 6 GB + WA + FB 30d -$15000,1.0,Voz Ilimitada + SMS Ilimitados Allnet + 6 GB + WA + FB 30d -$15000,1.0,Voz Ilimitada + SMS Ilimitados Allnet + 6 GB + WA + FB 30d -$15000,0
14987,Base,Base,DISTRIBUIDORES,31.0,MOBILE,4G,2G,Y,N,N,N,SMARTPHONE,SUR,VALLE DEL CAUCA,CALI,Y,N,N,2.0,0,0,0,13000.0,0.0,0.0,0.0,10982.0,215,40,0,109.0,215,40,0,10873.0,0,0,0,0,11.0,11,1,0,8.8,18.6,2.8,0.0,1.0,1.0,2.0,0.0,11.0,1,0,0,27.1,3.5,0.0,0.0,2.0,0,0,0,0.0,0.0,0.0,1587.0,0,0,0,0.0,0,0,0,9286.0,0,0,0,0.0,0,0,0,19656.8,20975.7,174266.5,0.0,CORE,NO CORE,NO CORE,NO CORE,12.0,12,0,57,2.0,Voz Ilimitada + SMS Ilimitados Allnet + 1.3 GB + WA + FB 6d -$6000,,,,,,,0
101182,Base,Base,TIENDAS_PROPIAS,15.0,MOBILE,4G,2G,Y,Y,Y,Y,SMARTPHONE,BOGOTA,"BOGOTÁ, D. C.","BOGOTÁ, D.C.",Y,N,N,2.0,1,1,1,20500.0,6000.0,15000.0,15000.0,17974.0,5119,16109,16933,828.0,101,3563,4387,17146.0,5018,12546,12546,0,15.0,5,48,27,53.1,7.6,266.8,328.7,16.0,0.0,4.0,5.0,46.0,16,111,61,157.4,8.4,291.4,364.4,39.0,16,18,21,0.0,0.0,0.0,2503.0,733,1831,1831,0.0,0,0,0,14643.0,4286,10714,10714,0.0,0,0,0,11534285.0,20827468.0,19934643.0,20888909.0,CORE,CORE   ,CORE   ,CORE   ,0.0,0,0,0,2.0,Voz Ilimitada + SMS Ilimitados Allnet + 6 GB + WA + FB 30d -$15000,1.0,Voz Ilimitada + SMS Ilimitados Allnet + 1.3 GB + WA + FB 6d -$6000,1.0,Voz Ilimitada + SMS Ilimitados Allnet + 6 GB + WA + FB 30d -$15000,1.0,Voz Ilimitada + SMS Ilimitados Allnet + 6 GB + WA + FB 30d -$15000,0
188990,Base,Base,DISTRIBUIDORES,28.0,MOBILE,4G,2G,Y,Y,Y,Y,SMARTPHONE,COSTA,ATLÁNTICO,BARRANQUILLA,Y,N,N,3.0,3,4,1,33000.0,26000.0,24000.0,10000.0,27617.0,21849,20339,8375,17.0,103,266,11,27600.0,21746,20073,8364,0,73.0,62,54,43,220.4,74.5,92.0,47.9,3.0,8.0,4.0,3.0,131.0,113,94,35,396.8,168.1,259.2,98.7,18.0,23,4,2,0.0,0.0,0.0,4029.0,3174,2930,1221,0.0,0,0,0,23571.0,18571,17143,7143,0.0,0,0,0,24090183.0,22252839.0,30701352.0,11743063.0,CORE,CORE   ,CORE   ,CORE   ,0.0,0,0,1,3.0,Voz Ilimitada + SMS Ilimitados Allnet + 3 GB + WA + FB 10d -$10000,3.0,Voz Ilimitada + SMS Ilimitados Allnet + 3 GB + WA + FB 10d -$10000,4.0,Voz Ilimitada + SMS Ilimitados Allnet + 1.3 GB + WA + FB 6d -$6000,1.0,Voz Ilimitada + SMS Ilimitados Allnet + 3 GB + WA + FB 10d -$10000,0
142613,Base,Base,DISTRIBUIDORES,2.0,MOBILE,4G,4G,Y,Y,N,N,SMARTPHONE,COSTA,CÓRDOBA,CHINÚ,Y,N,N,1.0,1,0,0,3500.0,3000.0,0.0,0.0,2949.0,2513,0,0,22.0,4,0,0,2927.0,2509,0,0,0,6.0,4,0,0,2.7,0.2,0.0,0.0,1.0,0.0,0.0,0.0,6.0,0,0,0,1.9,0.0,0.0,0.0,2.0,0,0,0,0.0,0.0,0.0,427.0,366,0,0,0.0,0,0,0,2500.0,2143,0,0,0.0,0,0,0,124204.7,0.0,0.0,0.0,CORE,CORE   ,NO CORE,NO CORE,0.0,0,0,0,1.0,Voz Ilimitada + SMS Ilimitados Allnet + 1 GB 2d -$3000,1.0,Voz Ilimitada + SMS Ilimitados Allnet + 500 MB + WA + FB 5d -$3000,,,,,0
121767,Base,Base,DISTRIBUIDORES,6.0,MOBILE,4G,4G,Y,N,Y,Y,SMARTPHONE,COSTA,ATLÁNTICO,SOLEDAD,Y,N,N,1.0,0,1,3,6000.0,0.0,6000.0,18000.0,5034.0,199,5444,15858,16.0,199,426,803,5018.0,0,5018,15055,0,2.0,11,35,44,1.1,14.6,44.7,85.5,2.0,5.0,3.0,4.0,1.0,0,12,21,0.9,0.0,22.2,26.0,1.0,17,8,0,0.0,0.0,0.0,733.0,0,733,2198,0.0,0,0,0,4286.0,0,4286,12857,0.0,0,0,0,1082.4,39982.0,638459.9,13270644.0,CORE,NO CORE,CORE   ,CORE   ,3.0,3,0,1,1.0,Voz Ilimitada + SMS Ilimitados Allnet + 1.3 GB + WA + FB 6d -$6000,,,1.0,Voz Ilimitada + SMS Ilimitados Allnet + 1.3 GB + WA + FB 6d -$6000,3.0,Voz Ilimitada + SMS Ilimitados Allnet + 1.3 GB + WA + FB 6d -$6000,0
206308,Base,Base,DISTRIBUIDORES,221.0,MOBILE,4G,2G,Y,N,Y,Y,SMARTPHONE,SUR,VALLE DEL CAUCA,CALI,Y,N,N,1.0,0,4,1,15000.0,0.0,31000.0,5000.0,13205.0,1856,28210,5532,659.0,1856,2282,1350,12546.0,0,25928,4182,0,90.0,144,111,78,93.2,190.9,266.5,128.4,3.0,2.0,8.0,6.0,71.0,228,121,140,63.9,186.5,146.7,168.5,1.0,7,5,16,0.0,0.0,0.0,1831.0,0,3785,610,0.0,0,0,0,10714.0,0,22143,3571,0.0,0,0,0,8731035.0,5208443.0,3031753.0,9076651.0,CORE,CORE   ,CORE   ,CORE   ,0.0,0,0,0,1.0,Voz Ilimitada + SMS Ilimitados Allnet + 6 GB + WA + FB 30d -$15000,,,4.0,"Voz Ilimitada + SMS Ilimitados Allnet + 1,5 GB + WA + FB 7d ATCK -$5000",1.0,"Voz Ilimitada + SMS Ilimitados Allnet + 1,5 GB + WA + FB 7d ATCK -$5000",0
353440,Base,Base,DISTRIBUIDORES,5.0,MOBILE,4G,4G,Y,Y,Y,Y,SMARTPHONE,COSTA,BOLÍVAR,CARTAGENA DE INDIAS,Y,N,N,6.0,3,3,4,22500.0,15000.0,9000.0,18000.0,19313.0,13379,8163,20734,487.0,833,636,4867,18826.0,12546,7527,15867,0,74.0,106,76,185,219.4,267.2,106.6,745.8,10.0,3.0,30.0,1.0,56.0,139,24,312,216.0,470.4,28.1,906.1,33.0,8,33,11,0.0,0.0,0.0,2503.0,1831,1099,3010,0.0,0,0,0,16324.0,10714,6429,12857,0.0,0,0,0,7034791.0,5792135.0,208797.3,7497336.0,CORE,CORE   ,CORE   ,CORE   ,0.0,0,0,0,6.0,Voz Ilimitada + SMS Ilimitados Allnet + 350 MB + WA + FB 2d -$3000,3.0,Voz Ilimitada + SMS Ilimitados Allnet + 1.3 GB + WA + FB 6d -$6000,3.0,Voz Ilimitada + SMS Ilimitados Allnet + 350 MB + WA + FB 2d -$3000,4.0,Voz Ilimitada + SMS Ilimitados Allnet + 1.3 GB + WA + FB 6d -$6000,0
325914,Base,Base,DISTRIBUIDORES,2.0,MOBILE,4G,2G,Y,Y,N,N,SMARTPHONE,COSTA,CÓRDOBA,MONTERÍA,Y,N,N,4.0,1,0,0,14000.0,3000.0,0.0,0.0,13767.0,2546,0,0,1049.0,37,0,0,12718.0,2509,0,0,0,78.0,4,0,0,107.5,9.6,0.0,0.0,3.0,3.0,0.0,0.0,121.0,15,0,0,190.9,36.6,0.0,0.0,0.0,4,0,0,0.0,0.0,0.0,1709.0,366,0,0,0.0,0,0,0,10101.0,2143,0,0,908.0,0,0,0,7408621.0,386461.3,0.0,0.0,CORE,CORE   ,NO CORE,NO CORE,0.0,0,0,0,4.0,Voz Ilimitada + SMS Ilimitados Allnet + 350 MB + WA + FB 2d -$3000,1.0,Voz Ilimitada + SMS Ilimitados Allnet + 350 MB + WA + FB 2d -$3000,,,,,0
393196,Base,Base,DISTRIBUIDORES,1.0,MOBILE,2G,3G,Y,N,N,N,SMARTPHONE,COSTA,MAGDALENA,SANTA MARTA,N,Y,N,1.0,0,0,0,5500.0,0.0,0.0,0.0,4600.0,0,0,0,0.0,0,0,0,4600.0,0,0,0,0,0.0,0,0,0,0.0,0.0,0.0,0.0,0.0,0.0,0.0,0.0,0.0,0,0,0,0.0,0.0,0.0,0.0,0.0,0,0,0,0.0,0.0,0.0,671.0,0,0,0,0.0,0,0,0,3929.0,0,0,0,0.0,0,0,0,0.0,0.0,0.0,0.0,CORE,NO CORE,NO CORE,NO CORE,,0,0,0,1.0,Voz Ilimitada + SMS Ilimitados Allnet + 2 GB 3d -$5000,,,,,,,0
317683,Base,Base,DISTRIBUIDORES,3.0,MOBILE,4G,2G,Y,Y,Y,N,SMARTPHONE,SUR,VALLE DEL CAUCA,BUENAVENTURA,Y,N,N,3.0,1,2,0,16000.0,6000.0,11000.0,0.0,15271.0,6686,11095,0,881.0,1668,1895,0,14390.0,5018,9200,0,0,29.0,34,45,0,65.9,124.7,156.9,0.0,2.0,2.0,2.0,0.0,107.0,38,19,0,170.5,80.6,29.7,0.0,7.0,3,3,0,0.0,0.0,0.0,1953.0,733,1343,0,0.0,0,0,0,11529.0,4286,7857,0,908.0,0,0,0,7480716.0,128996.3,3244557.0,0.0,CORE,CORE   ,CORE   ,NO CORE,0.0,0,0,0,3.0,Voz Ilimitada + SMS Ilimitados Allnet + 1.3 GB + WA + FB 6d -$6000,1.0,Voz Ilimitada + SMS Ilimitados Allnet + 1.3 GB + WA + FB 6d -$6000,2.0,Voz Ilimitada + SMS Ilimitados Allnet + 2 GB 3d -$5000,,,0
436101,Base,Base,DISTRIBUIDORES,8.0,MOBILE,3G,2G,Y,Y,Y,Y,FEATURE PHONE,COSTA,LA GUAJIRA,DISTRACCIÓN,Y,N,N,7.0,5,4,3,35500.0,26000.0,25000.0,27000.0,30829.0,21519,24625,30431,2326.0,3458,3716,7351,28503.0,18061,20909,23080,0,116.0,111,141,157,395.2,603.1,661.6,755.2,1.0,0.0,7.0,22.0,141.0,120,157,358,359.5,698.8,364.9,688.3,9.0,16,11,0,0.0,0.0,0.0,6318.0,2759,3052,3491,2773.0,0,0,0,18571.0,15252,17857,19538,840.0,50,0,50,13222044.0,14459389.0,15341016.0,19859969.0,CORE,CORE   ,CORE   ,CORE   ,0.0,0,0,0,4.0,Voz Ilimitada + SMS Ilimitados Allnet + 1.3 GB + WA + FB 6d -$6000,4.0,Voz Ilimitada + SMS Ilimitados Allnet + 3 GB + WA + FB 10d -$10000,4.0,Voz Ilimitada + SMS Ilimitados Allnet + 1.3 GB + WA + FB 6d -$6000,3.0,Voz Ilimitada + SMS Ilimitados Allnet + 3 GB + WA + FB 10d -$10000,0
482795,Base,Base,DISTRIBUIDORES,6.0,MOBILE,4G,4G,Y,N,N,N,SMARTPHONE,COSTA,BOLÍVAR,CICUCO,N,Y,N,3.0,0,0,0,10500.0,0.0,0.0,0.0,9383.0,0,0,0,601.0,0,0,0,8782.0,0,0,0,0,1.0,0,0,0,45.1,0.0,0.0,0.0,1.0,0.0,0.0,0.0,9.0,0,0,0,14.7,0.0,0.0,0.0,2.0,0,0,0,0.0,0.0,0.0,1282.0,0,0,0,0.0,0,0,0,7500.0,0,0,0,0.0,0,0,0,13672155.0,0.0,0.0,0.0,CORE,NO CORE,NO CORE,NO CORE,143.0,143,113,82,3.0,Voz Ilimitada + SMS Ilimitados Allnet + 350 MB + WA + FB 2d -$3000,,,,,,,0
57288,Base,Base,RETAIL,11.0,MOBILE,4G,4G,Y,Y,Y,Y,SMARTPHONE,ANDINA,BOYACÁ,CHIQUINQUIRÁ,Y,N,N,2.0,1,1,1,19500.0,15000.0,15000.0,15000.0,18263.0,15697,18208,15323,1954.0,3151,5662,2777,16309.0,12546,12546,12546,0,117.0,149,194,145,146.4,226.1,424.8,204.9,1.0,2.0,2.0,6.0,494.0,493,639,497,600.8,571.4,932.1,655.5,7.0,11,4,2,0.0,0.0,0.0,2381.0,1831,1831,1831,0.0,0,0,0,13929.0,10714,10714,10714,0.0,0,0,0,37791106.0,34986163.0,45171302.0,31471153.0,CORE,CORE   ,CORE   ,CORE   ,0.0,0,0,0,2.0,Voz Ilimitada + SMS Ilimitados Allnet + 350 MB + WA + FB 2d -$3000,1.0,Voz Ilimitada + SMS Ilimitados Allnet + 6 GB + WA + FB 30d -$15000,1.0,Voz Ilimitada + SMS Ilimitados Allnet + 6 GB + WA + FB 30d -$15000,1.0,Voz Ilimitada + SMS Ilimitados Allnet + 6 GB + WA + FB 30d -$15000,0
205986,Base,Base,DISTRIBUIDORES,17.0,MOBILE,4G,4G,Y,Y,Y,Y,SMARTPHONE,SUR,NARIÑO,SAN ANDRÉS DE TUMACO,Y,N,N,5.0,4,3,4,28000.0,18000.0,15000.0,12000.0,24607.0,15239,12709,10062,1189.0,184,163,26,23418.0,15055,12546,10036,0,48.0,22,12,8,114.7,55.8,29.9,7.7,9.0,9.0,3.0,0.0,143.0,82,81,47,91.9,141.9,168.9,42.7,11.0,25,17,21,0.0,0.0,0.0,3418.0,2198,1831,1465,0.0,0,0,0,20000.0,12857,10714,8571,0.0,0,0,0,7486161.0,6839818.0,2867176.0,1354209.0,CORE,CORE   ,CORE   ,CORE   ,1.0,1,0,1,5.0,Voz Ilimitada + SMS Ilimitados Allnet + 500 MB + WA + FB 5d -$3000,4.0,Voz Ilimitada + SMS Ilimitados Allnet + 1.3 GB + WA + FB 6d -$6000,3.0,Voz Ilimitada + SMS Ilimitados Allnet + 1.3 GB + WA + FB 6d -$6000,4.0,Voz Ilimitada + SMS Ilimitados Allnet + 1 GB 2d -$3000,0
471313,Base,Base,DISTRIBUIDORES,5.0,MOBILE,4G,4G,Y,N,Y,Y,SMARTPHONE,ANDINA,ANTIOQUIA,MEDELLÍN,Y,N,N,1.0,0,0,2,6500.0,0.0,0.0,4000.0,5437.0,0,522,3464,1.0,0,24,119,5436.0,0,498,3345,0,1.0,0,7,10,0.4,0.0,2.7,12.0,1.0,0.0,1.0,3.0,4.0,0,1,31,1.4,0.0,0.5,29.0,1.0,0,0,5,0.0,0.0,0.0,794.0,0,195,488,0.0,0,0,0,4643.0,0,252,2857,0.0,0,50,0,2601.5,2664.8,30337.0,306511.0,CORE,NO CORE,NO CORE,CORE   ,53.0,53,23,1,1.0,Voz Ilimitada + SMS Ilimitados Allnet + 1.3 GB + WA + FB 6d -$6000,,,,,1.0,Voz Ilimitada + SMS Ilimitados Allnet + 350 MB + WA + FB 2d -$3000,0
226792,Base,Base,FUERZA_VD,67.0,MOBILE,4G,2G,Y,Y,Y,Y,SMARTPHONE,SUR,CALDAS,MANIZALES,Y,N,N,2.0,1,1,1,18000.0,15000.0,15000.0,15000.0,15354.0,15222,14081,15414,1321.0,2676,1535,2868,14033.0,12546,12546,12546,0,23.0,44,19,28,98.8,200.6,114.5,214.7,6.0,0.0,7.0,3.0,89.0,133,113,98,164.7,300.9,154.4,311.9,1.0,0,0,1,0.0,0.0,0.0,2605.0,1831,1831,1831,0.0,0,0,0,11429.0,10714,10714,10714,0.0,0,0,0,3898121.0,4787508.0,3865624.0,4338973.0,CORE,CORE   ,CORE   ,CORE   ,0.0,0,0,0,1.0,Voz Ilimitada + SMS Ilimitados Allnet + 6 GB + WA + FB 30d -$15000,1.0,Voz Ilimitada + SMS Ilimitados Allnet + 6 GB + WA + FB 30d -$15000,1.0,Voz Ilimitada + SMS Ilimitados Allnet + 6 GB + WA + FB 30d -$15000,1.0,Voz Ilimitada + SMS Ilimitados Allnet + 6 GB + WA + FB 30d -$15000,0
373521,Base,Base,DISTRIBUIDORES,74.0,MOBILE,4G,4G,Y,Y,Y,N,SMARTPHONE,SUR,QUINDÍO,ARMENIA,Y,N,N,4.0,3,2,0,13500.0,9000.0,6000.0,0.0,12277.0,8932,6272,285,986.0,1405,1254,285,11291.0,7527,5018,0,0,48.0,57,86,31,89.3,103.3,93.1,22.0,46.0,6.0,23.0,10.0,65.0,44,32,6,182.4,78.1,16.5,11.8,19.0,16,25,30,0.0,0.0,0.0,1648.0,1099,733,0,0.0,0,0,0,9643.0,6429,4286,0,0.0,0,0,0,2211053.0,1189240.0,5838420.0,83706.2,CORE,CORE   ,CORE   ,NO CORE,0.0,0,0,2,4.0,Voz Ilimitada + SMS Ilimitados Allnet + 500 MB + WA + FB 5d -$3000,3.0,Voz Ilimitada + SMS Ilimitados Allnet + 500 MB + WA + FB 5d -$3000,2.0,Voz Ilimitada + SMS Ilimitados Allnet + 500 MB + WA + FB 5d -$3000,,,0
175978,Base,Base,DISTRIBUIDORES,12.0,MOBILE,4G,2G,Y,Y,Y,Y,SMARTPHONE,ANDINA,ANTIOQUIA,ITUANGO,Y,N,N,2.0,3,3,4,22000.0,30000.0,30000.0,36000.0,18429.0,25197,25649,30253,29.0,106,558,144,18400.0,25091,25091,30109,0,6.0,6,11,8,2.8,12.9,42.0,10.7,1.0,1.0,1.0,1.0,7.0,56,88,51,12.2,139.3,133.8,87.6,1.0,8,0,0,0.0,0.0,0.0,2686.0,3663,3663,4395,0.0,0,0,0,15714.0,21429,21429,25714,0.0,0,0,0,9371742.0,7476048.0,10223628.0,13483940.0,CORE,CORE   ,CORE   ,CORE   ,0.0,0,0,0,2.0,Voz Ilimitada + SMS Ilimitados Allnet + 3 GB + WA + FB 10d -$10000,3.0,Voz Ilimitada + SMS Ilimitados Allnet + 3 GB + WA + FB 10d -$10000,3.0,Voz Ilimitada + SMS Ilimitados Allnet + 3 GB + WA + FB 10d -$10000,4.0,Voz Ilimitada + SMS Ilimitados Allnet + 3 GB + WA + FB 10d -$10000,0
86354,Base,Base,DISTRIBUIDORES,50.0,MOBILE,4G,4G,Y,Y,Y,Y,SMARTPHONE,COSTA,CESAR,VALLEDUPAR,Y,N,N,4.0,4,4,4,30000.0,28000.0,28000.0,28000.0,27262.0,24105,24224,24961,2171.0,687,806,1543,25091.0,23418,23418,23418,0,65.0,49,39,57,196.3,69.5,71.5,137.1,0.0,2.0,3.0,2.0,389.0,365,386,432,615.6,430.9,585.3,616.0,25.0,24,19,15,0.0,0.0,0.0,3663.0,3418,3418,3418,0.0,0,0,0,21429.0,20000,20000,20000,0.0,0,0,0,2529623.0,3098427.0,4575659.0,4601651.0,CORE,CORE   ,CORE   ,CORE   ,0.0,0,0,0,4.0,Voz Ilimitada + SMS Ilimitados Allnet + 2 GB + WA + FB 7d -$7000,4.0,Voz Ilimitada + SMS Ilimitados Allnet + 2 GB + WA + FB 7d -$7000,4.0,Voz Ilimitada + SMS Ilimitados Allnet + 2 GB + WA + FB 7d -$7000,4.0,Voz Ilimitada + SMS Ilimitados Allnet + 2 GB + WA + FB 7d -$7000,0
231840,Base,Base,DISTRIBUIDORES,2.0,MOBILE,4G,2G,Y,N,N,N,SMARTPHONE,ANDINA,ANTIOQUIA,RIONEGRO,N,Y,N,1.0,0,0,0,5500.0,0.0,0.0,0.0,4600.0,0,0,0,0.0,0,0,0,4600.0,0,0,0,0,0.0,0,0,0,0.0,0.0,0.0,0.0,1.0,0.0,0.0,0.0,0.0,0,0,0,0.0,0.0,0.0,0.0,1.0,0,0,0,0.0,0.0,0.0,671.0,0,0,0,0.0,0,0,0,3929.0,0,0,0,0.0,0,0,0,2695.5,0.0,0.0,0.0,CORE,NO CORE,NO CORE,NO CORE,8.0,8,0,0,1.0,Voz Ilimitada + SMS Ilimitados Allnet + 2 GB 3d -$5000,,,,,,,0
290239,Base,Base,DISTRIBUIDORES,12.0,MOBILE,4G,2G,Y,Y,Y,Y,SMARTPHONE,ANDINA,ANTIOQUIA,MEDELLÍN,Y,N,N,1.0,1,2,1,31000.0,10000.0,40000.0,10000.0,26668.0,9233,34048,9120,488.0,533,257,504,26180.0,8700,33791,8616,0,164.0,184,107,144,346.2,373.5,316.5,297.3,11.0,1.0,3.0,1.0,306.0,285,133,93,589.0,533.4,318.9,166.1,49.0,48,51,50,0.0,0.0,0.0,3785.0,1221,4884,1221,0.0,0,0,0,22143.0,7143,28571,7143,252.0,336,336,252,4117892.0,1384688.0,1710220.0,1004025.0,CORE,CORE   ,CORE   ,CORE   ,0.0,0,0,2,1.0,Voz Ilimitada + SMS Ilimitados Allnet + 10 GB + WA + FB 30d -$30000,1.0,Voz Ilimitada + SMS Ilimitados Allnet + 3 GB + WA + FB 10d -$10000,2.0,Voz Ilimitada + SMS Ilimitados Allnet + 3 GB + WA + FB 10d -$10000,1.0,Voz Ilimitada + SMS Ilimitados Allnet + 3 GB + WA + FB 10d -$10000,0
328943,Base,Base,FUERZA_VD,3.0,MOBILE,4G,4G,Y,N,N,N,SMARTPHONE,ANDINA,ANTIOQUIA,COPACABANA,Y,N,N,1.0,1,0,0,11000.0,5000.0,0.0,0.0,16676.0,698,0,0,3358.0,698,0,0,13318.0,0,0,0,0,33.0,8,0,0,252.0,52.3,0.0,0.0,0.0,4.0,0.0,0.0,116.0,70,0,0,146.7,74.4,0.0,0.0,2.0,5,0,0,0.0,0.0,0.0,3843.0,0,0,0,1618.0,0,0,0,7857.0,0,0,0,0.0,0,0,0,7369098.0,1416682.0,0.0,0.0,CORE,NO CORE,NO CORE,NO CORE,0.0,0,26,0,1.0,Voz Ilimitada + SMS Ilimitados Allnet + 3 GB + WA + FB 10d -$10000,,,,,,,0
29144,Base,Base,DISTRIBUIDORES,5.0,MOBILE,4G,4G,Y,Y,N,N,SMARTPHONE,ANDINA,ANTIOQUIA,MEDELLÍN,Y,N,N,6.0,2,0,0,10000.0,2000.0,0.0,0.0,11067.0,1673,0,0,1294.0,0,0,0,9773.0,1673,0,0,0,45.0,0,0,0,160.5,0.0,0.0,0.0,25.0,0.0,0.0,0.0,46.0,0,0,0,71.8,0.0,0.0,0.0,19.0,0,0,0,0.0,0.0,0.0,4412.0,244,0,0,0.0,0,0,0,5042.0,1429,0,0,319.0,0,0,0,1539154.1,0.0,0.0,0.0,CORE,CORE   ,NO CORE,NO CORE,1.0,1,63,32,3.0,Voz Ilimitada + SMS Ilimitados Allnet + 350 MB + WA + FB 2d -$3000,,,,,,,0
269919,Base,Base,DISTRIBUIDORES,83.0,MOBILE,4G,4G,Y,Y,Y,Y,SMARTPHONE,BOGOTA,"BOGOTÁ, D. C.","BOGOTÁ, D.C.",Y,N,N,3.0,2,2,3,31000.0,10000.0,20000.0,30000.0,28150.0,7814,18483,26336,1369.0,285,660,1952,26781.0,7529,17823,24384,0,86.0,103,126,118,197.3,160.7,190.0,362.0,2.0,9.0,21.0,4.0,12.0,29,40,25,35.5,25.7,54.0,90.0,21.0,13,16,23,0.0,0.0,0.0,3369.0,1050,2344,2137,3697.0,168,2605,7059,18403.0,4765,11429,13550,1311.0,1546,1445,1639,2014496.0,617077.0,11073150.0,2048528.0,CORE,CORE   ,CORE   ,CORE   ,0.0,0,1,0,2.0,Voz Ilimitada + SMS Ilimitados Allnet + 5 GB Sem -$10000,,,1.0,SUSCRIPCION 60 Minutos + 60 SMS Allnet + 60 MB -$1000,3.0,SUSCRIPCION 60 Minutos + 60 SMS Allnet + 60 MB -$1000,0
170281,Base,Base,RETAIL,28.0,MOBILE,4G,4G,Y,Y,Y,Y,SMARTPHONE,ANDINA,ANTIOQUIA,MEDELLÍN,Y,N,N,2.0,1,2,1,42000.0,20000.0,40000.0,20000.0,40947.0,18863,36146,22231,5819.0,2136,2691,5504,35128.0,16727,33455,16727,0,84.0,46,56,82,435.8,152.9,201.3,412.4,10.0,4.0,6.0,9.0,255.0,244,374,373,987.1,944.2,1519.8,1431.9,21.0,17,18,17,0.0,0.0,0.0,5128.0,2442,4884,2442,0.0,0,0,0,30000.0,14286,28571,14286,0.0,0,0,0,1247460.0,9296315.0,1213128.0,1193989.0,CORE,CORE   ,CORE   ,CORE   ,0.0,0,0,0,2.0,"Voz Ilimitada + SMS Ilimitados Allnet + 7,5 GB + WA + FB 20d -$20000",1.0,"Voz Ilimitada + SMS Ilimitados Allnet + 7,5 GB + WA + FB 20d -$20000",2.0,"Voz Ilimitada + SMS Ilimitados Allnet + 7,5 GB + WA + FB 20d -$20000",1.0,"Voz Ilimitada + SMS Ilimitados Allnet + 7,5 GB + WA + FB 20d -$20000",0
339296,Base,Base,TIENDAS_PROPIAS,9.0,MOBILE,4G,4G,Y,Y,N,N,SMARTPHONE,SUR,TOLIMA,IBAGUÉ,Y,N,N,1.0,2,0,1,3500.0,12000.0,0.0,1000.0,3882.0,10830,141,2039,955.0,794,141,1204,2927.0,10036,0,835,0,39.0,26,36,36,71.4,59.6,10.7,75.2,2.0,1.0,1.0,3.0,4.0,0,0,3,1.5,0.0,0.0,1.0,1.0,0,0,1,0.0,0.0,0.0,427.0,1465,0,141,0.0,0,0,693,2500.0,8571,0,0,0.0,0,0,0,552205.6,4728658.0,42368.4,75057.8,CORE,CORE   ,NO CORE,CORE   ,0.0,0,0,2,1.0,Voz Ilimitada + SMS Ilimitados Allnet + 350 MB + WA + FB 2d -$3000,2.0,Voz Ilimitada + SMS Ilimitados Allnet + 1.3 GB + WA + FB 6d -$6000,,,,,0
437582,Base,Base,DISTRIBUIDORES,3.0,MOBILE,4G,2G,N,N,N,N,SMARTPHONE,ANDINA,ANTIOQUIA,MEDELLÍN,Y,N,N,0.0,0,0,0,0.0,0.0,0.0,0.0,6307.0,673,3,0,6307.0,673,3,0,0.0,0,0,0,0,33.0,4,1,0,472.8,84.2,0.1,0.0,4.0,1.0,3.0,0.0,2.0,0,0,0,4.1,0.0,0.0,0.0,5.0,2,2,0,0.0,0.0,0.0,0.0,0,0,0,0.0,0,0,0,0.0,0,0,0,0.0,0,0,0,139870.5,29142.0,3160.9,0.0,CORE,NO CORE,NO CORE,NO CORE,5.0,5,0,0,,,,,,,,,0
480783,Base,Base,DISTRIBUIDORES,29.0,MOBILE,2G,4G,N,N,N,N,SMARTPHONE,BOGOTA,"BOGOTÁ, D. C.","BOGOTÁ, D.C.",Y,N,N,0.0,1,0,0,0.0,5000.0,0.0,0.0,4200.0,279,1,0,354.0,1,1,0,3846.0,278,0,0,0,5.0,0,0,0,26.5,0.0,0.0,0.0,1.0,2.0,1.0,0.0,11.0,12,0,0,15.7,5.0,0.0,0.0,16.0,15,1,8,0.0,0.0,0.0,1998.0,278,0,0,1849.0,0,0,0,0.0,0,0,0,0.0,0,0,0,0.0,185.6,7.6,0.0,CORE,NO CORE,NO CORE,NO CORE,0.0,0,0,15,,,,,,,,,0
110965,Base,Base,DISTRIBUIDORES,25.0,MOBILE,4G,3G,Y,Y,Y,Y,SMARTPHONE,ANDINA,ANTIOQUIA,MEDELLÍN,Y,N,N,2.0,4,4,2,13000.0,24000.0,21000.0,6000.0,11144.0,20084,17579,5065,271.0,11,15,47,10873.0,20073,17564,5018,0,15.0,0,0,2,31.1,0.0,0.0,2.6,6.0,11.0,21.0,25.0,39.0,0,1,14,161.1,0.0,0.3,18.9,3.0,1,18,18,0.0,0.0,0.0,1587.0,2930,2564,733,0.0,0,0,0,9286.0,17143,15000,4286,0.0,0,0,0,958151.0,20777661.0,13712964.0,4574020.0,CORE,CORE   ,CORE   ,CORE   ,8.0,8,0,5,2.0,Voz Ilimitada + SMS Ilimitados Allnet + 1.3 GB + WA + FB 6d -$6000,4.0,Voz Ilimitada + SMS Ilimitados Allnet + 1.3 GB + WA + FB 6d -$6000,4.0,Voz Ilimitada + SMS Ilimitados Allnet + 1.3 GB + WA + FB 6d -$6000,2.0,Voz Ilimitada + SMS Ilimitados Allnet + 350 MB + WA + FB 2d -$3000,0
263900,Base,Base,DISTRIBUIDORES,15.0,MOBILE,4G,4G,Y,N,Y,Y,SMARTPHONE,COSTA,LA GUAJIRA,RIOHACHA,Y,N,N,2.0,0,6,3,6500.0,0.0,21000.0,12000.0,5439.0,273,17653,10241,3.0,273,89,205,5436.0,0,17564,10036,0,3.0,10,5,4,0.2,1.6,2.7,0.1,1.0,1.0,3.0,1.0,34.0,1,22,17,6.9,0.9,11.4,10.9,1.0,11,28,29,0.0,0.0,0.0,794.0,0,2564,1465,0.0,0,0,0,4643.0,0,15000,8571,0.0,0,0,0,4212421.0,1071359.0,9743951.0,8901805.0,CORE,NO CORE,CORE   ,CORE   ,0.0,0,0,0,2.0,Voz Ilimitada + SMS Ilimitados Allnet + 350 MB + WA + FB 2d -$3000,,,6.0,Voz Ilimitada + SMS Ilimitados Allnet + 350 MB + WA + FB 2d -$3000,3.0,Voz Ilimitada + SMS Ilimitados Allnet + 350 MB + WA + FB 2d -$3000,0
326763,Base,Base,RETAIL,80.0,MOBILE,4G,4G,Y,N,N,N,SMARTPHONE,BOGOTA,"BOGOTÁ, D. C.","BOGOTÁ, D.C.",Y,N,N,4.0,0,2,1,22500.0,0.0,12000.0,5000.0,14870.0,4003,8201,3548,809.0,713,1042,632,14061.0,3290,7159,2916,0,31.0,30,25,30,101.7,62.9,93.0,53.0,3.0,6.0,2.0,3.0,27.0,8,14,14,65.8,87.2,48.0,10.5,4.0,1,2,0,0.0,0.0,0.0,5720.0,517,2537,1529,3697.0,2773,4622,1387,4643.0,0,0,0,0.0,0,0,0,3312.7,21.6,17.2,22.9,CORE,CORE   ,CORE   ,CORE   ,0.0,0,0,1,1.0,Voz Ilimitada + SMS Ilimitados Allnet + 1.3 GB + WA + FB 6d -$6000,,,,,,,0
327380,Base,Base,DISTRIBUIDORES,4.0,MOBILE,4G,2G,Y,N,N,N,SMARTPHONE,COSTA,ATLÁNTICO,SOLEDAD,N,Y,N,4.0,0,0,0,26000.0,0.0,0.0,0.0,22480.0,0,0,0,734.0,0,0,0,21746.0,0,0,0,0,55.0,0,0,0,138.9,0.0,0.0,0.0,7.0,0.0,0.0,0.0,181.0,0,0,0,230.3,0.0,0.0,0.0,6.0,0,0,0,0.0,0.0,0.0,3174.0,0,0,0,0.0,0,0,0,18571.0,0,0,0,0.0,0,0,0,11567113.0,0.0,0.0,0.0,CORE,NO CORE,NO CORE,NO CORE,63.0,63,33,2,4.0,Voz Ilimitada + SMS Ilimitados Allnet + 1.3 GB + WA + FB 6d -$6000,,,,,,,0
478356,Base,Base,DISTRIBUIDORES,36.0,MOBILE,4G,4G,Y,Y,Y,Y,SMARTPHONE,BOGOTA,"BOGOTÁ, D. C.","BOGOTÁ, D.C.",Y,N,N,2.0,5,3,4,26000.0,47000.0,14000.0,25000.0,32163.0,27758,17046,18687,650.0,194,874,161,31513.0,27564,16172,18526,0,14.0,11,26,31,44.8,14.2,71.4,34.9,3.0,4.0,7.0,3.0,57.0,24,31,135,42.9,25.0,58.2,111.9,30.0,24,42,36,0.0,0.0,0.0,7206.0,14245,2075,4849,1155.0,1849,2311,462,21571.0,11471,11492,12920,1580.0,0,294,294,11854867.0,4588937.0,9217023.0,8646032.0,CORE,CORE   ,CORE   ,CORE   ,1.0,1,0,0,1.0,Voz Ilimitada + SMS Ilimitados Allnet + 2 GB + WA + FB 7d -$7000,8.0,SUSCRIPCION 60 Minutos + 60 SMS Allnet + 60 MB -$1000,2.0,Voz Ilimitada + SMS Ilimitados Allnet + 350 MB + WA + FB 2d -$3000,,,0
319586,Base,Base,DISTRIBUIDORES,4.0,MOBILE,4G,2G,Y,Y,Y,Y,SMARTPHONE,ANDINA,NORTE DE SANTANDER,SAN CALIXTO,Y,N,N,1.0,1,1,1,16000.0,15000.0,15000.0,15000.0,14692.0,14187,13639,12999,1310.0,1641,1093,453,13382.0,12546,12546,12546,0,81.0,118,80,42,95.0,120.0,78.6,34.0,6.0,5.0,5.0,4.0,270.0,328,209,90,304.4,326.1,134.7,53.7,9.0,4,1,2,0.0,0.0,0.0,1953.0,1831,1831,1831,0.0,0,0,0,11429.0,10714,10714,10714,0.0,0,0,0,7707286.0,6637217.0,6061133.0,4237900.0,CORE,CORE   ,CORE   ,CORE   ,0.0,0,0,0,1.0,Voz Ilimitada + SMS Ilimitados Allnet + 6 GB + WA + FB 30d -$15000,1.0,Voz Ilimitada + SMS Ilimitados Allnet + 6 GB + WA + FB 30d -$15000,1.0,Voz Ilimitada + SMS Ilimitados Allnet + 6 GB + WA + FB 30d -$15000,1.0,Voz Ilimitada + SMS Ilimitados Allnet + 6 GB + WA + FB 30d -$15000,0
79276,Base,Base,DISTRIBUIDORES,10.0,MOBILE,3G,4G,Y,Y,Y,Y,SMARTPHONE,COSTA,BOLÍVAR,CARTAGENA DE INDIAS,Y,N,N,1.0,2,3,3,6000.0,9000.0,15000.0,20000.0,6027.0,7902,14634,17904,0.0,375,72,1177,6027.0,7527,14562,16727,0,0.0,2,3,14,0.0,28.0,5.4,88.3,0.0,4.0,0.0,0.0,2.0,12,5,38,9.2,62.0,40.4,57.3,9.0,26,1,14,0.0,0.0,0.0,733.0,1099,1831,2442,0.0,0,0,0,4387.0,6429,10916,14286,908.0,0,1815,0,2305830.0,2076184.0,4694633.0,12656957.0,CORE,CORE   ,CORE   ,CORE   ,0.0,0,0,1,1.0,Voz Ilimitada + SMS Ilimitados Allnet + 1.3 GB + WA + FB 6d -$6000,2.0,Voz Ilimitada + SMS Ilimitados Allnet + 350 MB + WA + FB 2d -$3000,3.0,Voz Ilimitada + SMS Ilimitados Allnet + 1.3 GB + WA + FB 6d -$6000,3.0,Voz Ilimitada + SMS Ilimitados Allnet + 2 GB + WA + FB 7d -$7000,0
481153,Base,Base,TIENDAS_PROPIAS,22.0,MOBILE,4G,2G,Y,Y,Y,Y,SMARTPHONE,ANDINA,ANTIOQUIA,APARTADÓ,Y,N,N,3.0,2,4,3,32000.0,13000.0,36000.0,30000.0,31642.0,15517,34676,31507,4878.0,4449,4567,6169,26764.0,11068,30109,25338,0,255.0,170,177,245,365.8,326.6,338.9,455.1,3.0,6.0,11.0,1.0,581.0,363,339,406,356.9,311.3,337.7,385.5,22.0,16,27,15,0.0,0.0,0.0,3907.0,1782,4395,5308,0.0,0,0,1155,22857.0,9286,25714,18824,0.0,0,0,50,9230639.0,10803122.0,17539324.0,11221301.0,CORE,CORE   ,CORE   ,CORE   ,0.0,0,0,0,3.0,Voz Ilimitada + SMS Ilimitados Allnet + 3 GB + WA + FB 10d -$10000,2.0,"Voz Ilimitada + SMS Ilimitados Allnet + 3,5 GB + WA + FB 15d -$10000",4.0,Voz Ilimitada + SMS Ilimitados Allnet + 3 GB + WA + FB 10d -$10000,3.0,"Voz Ilimitada + SMS Ilimitados Allnet + 3,5 GB + WA + FB 15d -$10000",0
81851,Base,Base,DISTRIBUIDORES,1.0,MOBILE,4G,4G,Y,N,N,N,SMARTPHONE,SUR,VALLE DEL CAUCA,CALI,Y,N,N,3.0,1,0,0,18500.0,1250.0,0.0,0.0,6566.0,1047,0,0,293.0,0,0,0,6273.0,1047,0,0,0,15.0,0,0,0,21.9,0.0,0.0,0.0,1.0,2.0,0.0,0.0,89.0,1,0,0,117.0,0.3,0.0,0.0,4.0,3,0,0,0.0,0.0,0.0,916.0,1047,0,0,0.0,0,0,0,5357.0,0,0,0,0.0,0,0,0,2566312.0,3.1,0.0,0.0,CORE,NO CORE,NO CORE,NO CORE,13.0,13,44,13,2.0,60 Minutos + 60 SMS Allnet + 60 MB -$1000,1.0,20 SMS Allnet -$1200,,,,,0
484346,Base,Base,DISTRIBUIDORES,38.0,MOBILE,4G,2G,Y,Y,Y,Y,SMARTPHONE,BOGOTA,"BOGOTÁ, D. C.","BOGOTÁ, D.C.",Y,N,N,4.0,5,6,6,14000.0,22000.0,33000.0,21000.0,13609.0,20165,30549,24091,1900.0,1765,3007,5519,11709.0,18400,27542,18572,0,145.0,150,105,216,447.6,304.1,339.6,754.2,14.0,4.0,3.0,2.0,119.0,191,188,358,324.9,206.0,341.3,600.8,31.0,34,30,33,0.0,0.0,0.0,1709.0,2686,5685,2564,0.0,0,9126,0,10000.0,15714,10916,15101,0.0,0,1815,908,54396459.0,43936594.0,33382358.0,30006867.0,CORE,CORE   ,CORE   ,CORE   ,0.0,0,0,0,4.0,Voz Ilimitada + SMS Ilimitados Allnet + 500 MB + WA + FB 5d -$3000,5.0,Voz Ilimitada + SMS Ilimitados Allnet + 500 MB + WA + FB 5d -$3000,5.0,Voz Ilimitada + SMS Ilimitados Allnet + 500 MB + WA + FB 5d -$3000,6.0,Voz Ilimitada + SMS Ilimitados Allnet + 350 MB + WA + FB 2d -$3000,0
307614,Base,Base,FUERZA_VD,91.0,MOBILE,4G,2G,Y,N,Y,N,SMARTPHONE,ANDINA,ANTIOQUIA,MEDELLÍN,Y,N,N,3.0,0,1,0,15000.0,0.0,7000.0,0.0,8194.0,691,6518,332,667.0,691,663,332,7527.0,0,5855,0,0,28.0,21,21,13,45.7,38.1,46.0,13.9,15.0,12.0,5.0,9.0,49.0,63,71,84,40.1,47.9,106.0,136.5,1.0,1,6,7,0.0,0.0,0.0,1099.0,0,855,0,0.0,0,0,0,6429.0,0,5000,0,0.0,0,0,0,5853964.0,8527908.0,9939874.0,13921315.0,CORE,NO CORE,CORE   ,NO CORE,1.0,1,1,1,2.0,Voz ilimitada + SMS Ilimitados  Allnet + 500 MB -$2000,,,1.0,Voz Ilimitada + SMS Ilimitados Allnet + 2 GB + WA + FB 7d -$7000,,,0
76041,Base,Base,TIENDAS_PROPIAS,69.0,MOBILE,4G,2G,Y,N,N,Y,SMARTPHONE,COSTA,MAGDALENA,CIÉNAGA,Y,N,N,1.0,0,0,1,6500.0,0.0,0.0,7000.0,5697.0,303,157,6028,261.0,303,157,173,5436.0,0,0,5855,0,58.0,61,46,56,62.0,70.0,45.7,55.3,7.0,2.0,9.0,5.0,139.0,127,106,110,65.5,61.5,73.7,54.1,24.0,17,35,32,0.0,0.0,0.0,794.0,0,0,855,0.0,0,0,0,4643.0,0,0,5000,0.0,0,0,0,10006905.0,10208951.0,12154093.0,10232569.0,CORE,NO CORE,NO CORE,CORE   ,0.0,0,0,0,1.0,Voz Ilimitada + SMS Ilimitados Allnet + 1.3 GB + WA + FB 6d -$6000,,,,,1.0,Voz Ilimitada + SMS Ilimitados Allnet + 2 GB + WA + FB 7d -$7000,0
168824,Base,Base,DISTRIBUIDORES,103.0,MOBILE,3G,2G,Y,Y,Y,Y,FEATURE PHONE,COSTA,ATLÁNTICO,BARRANQUILLA,Y,N,N,4.0,4,4,4,30000.0,28000.0,28000.0,28000.0,26307.0,24109,24458,25130,1216.0,691,1040,1712,25091.0,23418,23418,23418,0,157.0,128,93,163,317.3,229.7,218.8,488.3,3.0,7.0,8.0,4.0,315.0,309,286,442,904.0,822.0,764.0,1126.0,8.0,6,5,2,0.0,0.0,0.0,3663.0,3418,3418,3418,0.0,0,0,0,21429.0,20000,20000,20000,0.0,0,0,0,670001.4,1544141.0,439470.2,1528071.0,CORE,CORE   ,CORE   ,CORE   ,0.0,0,0,0,4.0,Voz Ilimitada + SMS Ilimitados Allnet + 2 GB + WA + FB 7d -$7000,4.0,Voz Ilimitada + SMS Ilimitados Allnet + 2 GB + WA + FB 7d -$7000,4.0,Voz Ilimitada + SMS Ilimitados Allnet + 2 GB + WA + FB 7d -$7000,4.0,Voz Ilimitada + SMS Ilimitados Allnet + 2 GB + WA + FB 7d -$7000,0
400304,Base,Base,DISTRIBUIDORES,2.0,MOBILE,4G,2G,Y,Y,N,N,SMARTPHONE,COSTA,LA GUAJIRA,SAN JUAN DEL CESAR,Y,N,N,2.0,1,0,0,7000.0,5000.0,0.0,0.0,6398.0,4182,0,0,46.0,0,0,0,6352.0,4182,0,0,0,8.0,0,0,0,4.5,0.0,0.0,0.0,5.0,1.0,0.0,0.0,21.0,4,0,0,2.9,1.7,0.0,0.0,7.0,2,0,0,0.0,0.0,0.0,1050.0,610,0,0,0.0,0,0,0,5252.0,3571,0,0,50.0,0,0,0,6540592.0,330242.3,0.0,0.0,CORE,CORE   ,NO CORE,NO CORE,0.0,0,0,0,2.0,Voz Ilimitada + SMS Ilimitados Allnet + 350 MB + WA + FB 2d -$3000,1.0,"Voz Ilimitada + SMS Ilimitados Allnet + 1,5 GB + WA + FB 7d ATCK -$5000",,,,,0
140287,Base,Base,TIENDAS_PROPIAS,15.0,MOBILE,4G,4G,Y,Y,Y,Y,SMARTPHONE,COSTA,ATLÁNTICO,BARRANQUILLA,Y,N,N,3.0,4,5,3,28500.0,36000.0,36000.0,23000.0,24512.0,30947,32803,21437,675.0,838,2694,1703,23837.0,30109,30109,19734,0,139.0,88,72,143,909.6,261.9,339.3,366.7,13.0,8.0,7.0,6.0,155.0,158,145,242,245.0,249.0,337.8,328.9,1.0,0,1,1,0.0,0.0,0.0,3480.0,4395,4395,3003,0.0,0,0,0,20357.0,25714,25714,16681,0.0,0,0,50,11350636.0,9000235.0,8435963.0,5205628.0,CORE,CORE   ,CORE   ,CORE   ,0.0,0,0,1,3.0,Voz Ilimitada + SMS Ilimitados Allnet + 3 GB + WA + FB 10d -$10000,4.0,Voz Ilimitada + SMS Ilimitados Allnet + 3 GB + WA + FB 10d -$10000,5.0,Voz Ilimitada + SMS Ilimitados Allnet + 3 GB + WA + FB 10d -$10000,3.0,Voz Ilimitada + SMS Ilimitados Allnet + 3 GB + WA + FB 10d -$10000,0
390469,Base,Base,FUERZA_VD,82.0,MOBILE,4G,2G,Y,N,N,Y,SMARTPHONE,COSTA,ATLÁNTICO,BARRANQUILLA,Y,N,N,2.0,0,1,1,10600.0,0.0,3000.0,3000.0,9793.0,176,2992,2928,966.0,176,553,419,8827.0,0,2439,2509,0,35.0,11,23,18,73.0,14.4,52.7,17.2,12.0,4.0,11.0,6.0,17.0,0,6,2,15.2,0.0,17.6,0.6,11.0,27,29,23,0.0,0.0,0.0,2482.0,0,2439,366,2773.0,0,0,0,3571.0,0,0,2143,0.0,0,0,0,275979.6,15403.3,88425.4,197697.8,CORE,NO CORE,CORE   ,CORE   ,0.0,0,0,1,4.0,60 Minutos + 60 SMS Allnet + 60 MB -$1000,,,,,1.0,Voz Ilimitada + SMS Ilimitados Allnet + 500 MB + WA + FB 5d -$3000,0
271990,Base,Base,TIENDAS_PROPIAS,23.0,MOBILE,4G,2G,Y,Y,Y,Y,SMARTPHONE,COSTA,MAGDALENA,SANTA MARTA,Y,N,N,3.0,2,3,4,32000.0,20000.0,30000.0,29000.0,27795.0,19953,25809,25237,1031.0,3226,718,982,26764.0,16727,25091,24255,0,124.0,147,110,126,193.5,348.9,134.5,215.1,6.0,1.0,2.0,0.0,211.0,154,116,186,379.5,476.3,120.0,182.1,25.0,13,19,23,0.0,0.0,0.0,3907.0,2442,3663,3541,0.0,0,0,0,22857.0,14286,21429,20714,0.0,0,0,0,10287970.0,7081542.0,5191448.0,7578310.0,CORE,CORE   ,CORE   ,CORE   ,0.0,0,0,1,3.0,Voz Ilimitada + SMS Ilimitados Allnet + 3 GB + WA + FB 10d -$10000,2.0,Voz Ilimitada + SMS Ilimitados Allnet + 3 GB + WA + FB 10d -$10000,3.0,Voz Ilimitada + SMS Ilimitados Allnet + 3 GB + WA + FB 10d -$10000,4.0,Voz Ilimitada + SMS Ilimitados Allnet + 1.3 GB + WA + FB 6d -$6000,0
219098,Base,Base,RETAIL,74.0,MOBILE,4G,4G,N,Y,Y,N,SMARTPHONE,COSTA,MAGDALENA,SANTA MARTA,Y,N,N,2.0,3,2,3,2000.0,5000.0,4000.0,8000.0,1731.0,4354,3710,7012,104.0,205,386,449,1627.0,4149,3324,6563,0,12.0,26,42,42,12.5,18.5,36.6,77.6,5.0,4.0,4.0,1.0,32.0,35,39,62,11.1,23.3,22.2,36.7,26.0,39,37,26,0.0,0.0,0.0,1627.0,1544,1181,4715,0.0,462,0,1849,0.0,2143,2143,0,0.0,0,0,0,486.8,3395853.0,60001.3,189815.5,CORE,CORE   ,CORE   ,CORE   ,0.0,0,0,0,,,1.0,Voz Ilimitada + SMS Ilimitados Allnet + 350 MB + WA + FB 2d -$3000,1.0,Voz Ilimitada + SMS Ilimitados Allnet + 350 MB + WA + FB 2d -$3000,,,0
338438,Base,Base,DISTRIBUIDORES,2.0,MOBILE,4G,2G,Y,Y,N,N,SMARTPHONE,ANDINA,SANTANDER,PUERTO PARRA,Y,N,N,3.0,1,0,0,16000.0,3000.0,0.0,0.0,14340.0,2509,0,0,1085.0,0,0,0,13255.0,2509,0,0,0,10.0,0,0,0,81.3,0.0,0.0,0.0,5.0,0.0,0.0,0.0,30.0,0,0,0,144.4,0.0,0.0,0.0,7.0,0,0,0,0.0,0.0,0.0,1343.0,366,0,0,693.0,0,0,0,11050.0,2143,0,0,168.0,0,0,0,20619770.0,0.0,0.0,0.0,CORE,CORE   ,NO CORE,NO CORE,6.0,6,0,0,5.0,200 MB Total -$1900,1.0,Voz Ilimitada + SMS Ilimitados Allnet + 500 MB + WA + FB 5d -$3000,,,,,0
371348,Base,Base,TIENDAS_PROPIAS,11.0,MOBILE,4G,2G,Y,Y,Y,Y,SMARTPHONE,SUR,CAUCA,EL TAMBO,Y,N,N,3.0,5,4,1,16500.0,30000.0,24000.0,6000.0,14010.0,27418,21506,6823,210.0,2327,1433,1805,13800.0,25091,20073,5018,0,16.0,57,61,74,23.0,212.3,150.4,169.6,4.0,3.0,1.0,0.0,40.0,110,83,140,30.4,182.5,137.0,368.7,11.0,26,18,21,0.0,0.0,0.0,2014.0,3663,2930,733,0.0,0,0,0,11786.0,21429,17143,4286,0.0,0,0,0,4908936.0,7343225.0,2935074.0,3311464.0,CORE,CORE   ,CORE   ,CORE   ,0.0,0,0,0,3.0,Voz Ilimitada + SMS Ilimitados Allnet + 1.3 GB + WA + FB 6d -$6000,5.0,Voz Ilimitada + SMS Ilimitados Allnet + 1.3 GB + WA + FB 6d -$6000,4.0,Voz Ilimitada + SMS Ilimitados Allnet + 1.3 GB + WA + FB 6d -$6000,1.0,Voz Ilimitada + SMS Ilimitados Allnet + 1.3 GB + WA + FB 6d -$6000,0
197683,Base,Base,DISTRIBUIDORES,75.0,MOBILE,4G,4G,Y,Y,Y,N,SMARTPHONE,BOGOTA,CUNDINAMARCA,COTA,Y,N,N,1.0,1,2,0,16000.0,15000.0,17000.0,0.0,15969.0,15522,16369,3866,2587.0,2976,2199,3866,13382.0,12546,14170,0,0,73.0,51,39,39,193.7,223.2,164.2,289.3,2.0,5.0,7.0,4.0,285.0,327,241,260,808.3,1141.4,658.4,847.2,19.0,21,2,0,0.0,0.0,0.0,1953.0,1831,3456,0,0.0,0,0,0,11429.0,10714,10714,0,0.0,0,0,0,5165216.0,4555265.0,3540784.0,1309304.0,CORE,CORE   ,CORE   ,CORE   ,0.0,0,0,1,1.0,Voz Ilimitada + SMS Ilimitados Allnet + 6 GB + WA + FB 30d -$15000,1.0,Voz Ilimitada + SMS Ilimitados Allnet + 6 GB + WA + FB 30d -$15000,1.0,Voz Ilimitada + SMS Ilimitados Allnet + 6 GB + WA + FB 30d -$15000,,,0
66586,Base,Base,DISTRIBUIDORES,3.0,MOBILE,4G,2G,Y,Y,N,N,SMARTPHONE,COSTA,CÓRDOBA,MONTERÍA,Y,N,N,4.0,4,0,0,17500.0,20000.0,0.0,0.0,15928.0,22375,0,0,1309.0,5648,0,0,14619.0,16727,0,0,0,42.0,162,0,0,98.3,423.2,0.0,0.0,0.0,1.0,0.0,0.0,60.0,355,0,0,47.1,743.5,0.0,0.0,1.0,1,0,0,0.0,0.0,0.0,2602.0,2442,0,0,231.0,0,0,0,11786.0,14286,0,0,0.0,0,0,0,7325835.0,12656163.0,0.0,0.0,CORE,CORE   ,NO CORE,NO CORE,0.0,0,0,0,3.0,Voz Ilimitada + SMS Ilimitados Allnet + 1.3 GB + WA + FB 6d -$6000,4.0,Voz Ilimitada + SMS Ilimitados Allnet + 1.3 GB + WA + FB 6d -$6000,,,,,0
337556,Base,Base,DISTRIBUIDORES,31.0,MOBILE,4G,2G,Y,Y,Y,Y,SMARTPHONE,COSTA,BOLÍVAR,SANTA ROSA,Y,N,N,5.0,4,4,4,32000.0,25000.0,24000.0,24000.0,27692.0,24105,20574,20468,928.0,3196,501,395,26764.0,20909,20073,20073,0,129.0,113,66,47,407.6,300.4,101.6,127.2,2.0,4.0,2.0,3.0,339.0,331,180,356,820.6,595.5,269.9,394.4,7.0,2,2,10,0.0,0.0,0.0,3907.0,3052,2930,2930,0.0,0,0,0,22857.0,17857,17143,17143,0.0,0,0,0,20039380.0,20075666.0,26129170.0,25784869.0,CORE,CORE   ,CORE   ,CORE   ,0.0,0,1,0,5.0,Voz Ilimitada + SMS Ilimitados Allnet + 1.3 GB + WA + FB 6d -$6000,4.0,Voz Ilimitada + SMS Ilimitados Allnet + 1.3 GB + WA + FB 6d -$6000,4.0,Voz Ilimitada + SMS Ilimitados Allnet + 1.3 GB + WA + FB 6d -$6000,4.0,Voz Ilimitada + SMS Ilimitados Allnet + 1.3 GB + WA + FB 6d -$6000,0
279704,Base,Base,DISTRIBUIDORES,3.0,MOBILE,4G,2G,Y,Y,N,N,SMARTPHONE,COSTA,MAGDALENA,SANTA MARTA,Y,N,N,2.0,3,1,0,7000.0,7000.0,3000.0,0.0,12605.0,9305,0,0,6750.0,3450,0,0,5855.0,5855,0,0,0,132.0,75,0,0,534.9,287.8,0.0,0.0,20.0,4.0,1.0,0.0,139.0,364,0,0,460.0,1005.0,0.0,0.0,1.0,2,2,0,0.0,0.0,0.0,855.0,855,0,0,0.0,0,0,0,5000.0,5000,0,0,0.0,0,0,0,3833396.0,22022109.0,0.0,0.0,CORE,CORE   ,NO CORE,NO CORE,0.0,0,0,0,2.0,Voz Ilimitada + SMS Ilimitados Allnet + 350 MB + WA + FB 2d -$3000,2.0,Voz Ilimitada + SMS Ilimitados Allnet + 350 MB + WA + FB 2d -$3000,,,,,0
349663,Base,Base,AUTOACTIVACION,1.0,MOBILE,2G,2G,N,N,N,N,LOW END,BOGOTA,"BOGOTÁ, D. C.","BOGOTÁ, D.C.",N,Y,N,1.0,0,0,0,11000.0,0.0,0.0,0.0,11000.0,0,0,0,0.0,0,0,0,11000.0,0,0,0,0,0.0,0,0,0,0.0,0.0,0.0,0.0,0.0,0.0,0.0,0.0,0.0,0,0,0,0.0,0.0,0.0,0.0,0.0,0,0,0,0.0,0.0,0.0,11000.0,0,0,0,0.0,0,0,0,0.0,0,0,0,0.0,0,0,0,0.0,0.0,0.0,0.0,CORE,NO CORE,NO CORE,NO CORE,,0,0,0,,,,,,,,,0
350247,Base,Base,RETAIL,154.0,MOBILE,3G,4G,Y,Y,Y,Y,SMARTPHONE,COSTA,ATLÁNTICO,BARRANQUILLA,Y,N,N,8.0,8,4,8,28000.0,24000.0,28000.0,27000.0,38534.0,32168,35388,32038,15116.0,12095,11970,9456,23418.0,20073,23418,22582,0,233.0,214,242,240,1361.4,1126.5,1266.1,997.6,21.0,20.0,21.0,16.0,301.0,323,239,258,701.8,715.8,580.3,584.7,0.0,0,2,3,0.0,0.0,0.0,3418.0,2930,3418,3296,0.0,0,0,0,20000.0,17143,20000,19286,0.0,0,0,0,2208222.0,6330834.0,9747106.0,2548782.0,CORE,CORE   ,CORE   ,CORE   ,0.0,0,0,0,8.0,Voz Ilimitada + SMS Ilimitados Allnet + 350 MB + WA + FB 2d -$3000,8.0,Voz Ilimitada + SMS Ilimitados Allnet + 350 MB + WA + FB 2d -$3000,4.0,Voz Ilimitada + SMS Ilimitados Allnet + 1.3 GB + WA + FB 6d -$6000,8.0,Voz Ilimitada + SMS Ilimitados Allnet + 350 MB + WA + FB 2d -$3000,0
297803,Base,Base,TIENDAS_PROPIAS,177.0,MOBILE,4G,2G,Y,N,Y,N,SMARTPHONE,SUR,VALLE DEL CAUCA,CALI,Y,N,N,1.0,0,1,0,6500.0,0.0,6000.0,0.0,5838.0,141,5279,771,402.0,141,261,771,5436.0,0,5018,0,0,26.0,12,12,32,33.5,10.3,19.2,65.6,8.0,6.0,6.0,4.0,0.0,0,6,0,0.0,0.0,3.3,0.0,0.0,0,0,1,0.0,0.0,0.0,794.0,0,733,0,0.0,0,0,0,4643.0,0,4286,0,0.0,0,0,0,99950.9,153.8,332297.5,10809.0,CORE,NO CORE,CORE   ,NO CORE,0.0,0,11,4,1.0,Voz Ilimitada + SMS Ilimitados Allnet + 1.3 GB + WA + FB 6d -$6000,,,1.0,Voz Ilimitada + SMS Ilimitados Allnet + 1.3 GB + WA + FB 6d -$6000,,,0
310991,Base,Base,DISTRIBUIDORES,92.0,MOBILE,4G,2G,Y,Y,Y,Y,SMARTPHONE,COSTA,ATLÁNTICO,BARRANQUILLA,Y,N,N,5.0,3,4,3,32500.0,15000.0,24000.0,17000.0,30829.0,15962,20937,15473,3647.0,3416,864,1255,27182.0,12546,20073,14218,0,157.0,104,107,103,451.7,459.7,553.4,453.9,4.0,1.0,0.0,2.0,115.0,83,123,122,294.8,298.1,220.9,322.2,1.0,17,17,18,0.0,0.0,0.0,3968.0,1831,2930,2075,0.0,0,0,0,23214.0,10714,17143,12143,0.0,0,0,0,2307701.0,2403568.0,1774177.0,6818742.0,CORE,CORE   ,CORE   ,CORE   ,0.0,0,0,0,5.0,Voz Ilimitada + SMS Ilimitados Allnet + 1.3 GB + WA + FB 6d -$6000,3.0,Voz Ilimitada + SMS Ilimitados Allnet + 1.3 GB + WA + FB 6d -$6000,4.0,Voz Ilimitada + SMS Ilimitados Allnet + 1.3 GB + WA + FB 6d -$6000,3.0,Voz Ilimitada + SMS Ilimitados Allnet + 1.3 GB + WA + FB 6d -$6000,0
380424,Base,Base,DISTRIBUIDORES,9.0,MOBILE,4G,2G,Y,Y,Y,Y,SMARTPHONE,BOGOTA,"BOGOTÁ, D. C.","BOGOTÁ, D.C.",Y,N,N,1.0,1,4,3,16000.0,15000.0,25000.0,15000.0,13383.0,12596,20909,12758,1.0,50,0,212,13382.0,12546,20909,12546,0,0.0,5,1,4,0.0,3.7,0.0,2.7,1.0,1.0,0.0,0.0,56.0,46,35,28,30.2,34.9,14.8,26.5,1.0,20,14,16,0.0,0.0,0.0,1953.0,1831,3052,1831,0.0,0,0,0,11429.0,10714,17857,10714,0.0,0,0,0,6308847.0,3486413.0,4301727.0,2375292.0,CORE,CORE   ,CORE   ,CORE   ,0.0,0,0,0,1.0,Voz Ilimitada + SMS Ilimitados Allnet + 6 GB + WA + FB 30d -$15000,1.0,Voz Ilimitada + SMS Ilimitados Allnet + 6 GB + WA + FB 30d -$15000,4.0,"Voz Ilimitada + SMS Ilimitados Allnet + 1,5 GB + WA + FB 7d ATCK -$5000",3.0,Voz Ilimitada + SMS Ilimitados Allnet + 1.3 GB + WA + FB 6d -$6000,0
262464,Base,Base,FUERZA_VD,118.0,MOBILE,2G,3G,Y,N,N,N,SMARTPHONE,BOGOTA,"BOGOTÁ, D. C.","BOGOTÁ, D.C.",N,N,Y,1.0,0,0,0,6500.0,0.0,0.0,0.0,5436.0,0,0,0,0.0,0,0,0,5436.0,0,0,0,0,0.0,0,0,0,0.0,0.0,0.0,0.0,0.0,0.0,0.0,0.0,0.0,0,0,0,0.0,0.0,0.0,0.0,0.0,0,0,0,0.0,0.0,0.0,794.0,0,0,0,0.0,0,0,0,4643.0,0,0,0,0.0,0,0,0,0.0,0.0,0.0,0.0,CORE,NO CORE,NO CORE,NO CORE,302.0,302,272,241,1.0,Voz Ilimitada + SMS Ilimitados Allnet + 1.3 GB + WA + FB 6d -$6000,,,,,,,0
66021,Base,Base,DISTRIBUIDORES,13.0,MOBILE,4G,2G,N,N,N,N,SMARTPHONE,ANDINA,ANTIOQUIA,MEDELLÍN,Y,N,N,0.0,0,0,0,0.0,0.0,0.0,0.0,2566.0,3601,4446,3308,2566.0,3601,4446,3308,0.0,0,0,0,0,77.0,96,141,120,186.1,267.6,329.9,239.6,37.0,33.0,43.0,18.0,231.0,238,243,176,506.6,500.0,425.0,349.4,4.0,6,3,3,0.0,0.0,0.0,0.0,0,0,0,0.0,0,0,0,0.0,0,0,0,0.0,0,0,0,2891390.0,2570325.0,2363665.0,963185.1,CORE,CORE   ,CORE   ,CORE   ,0.0,0,0,0,,,,,,,,,0
472294,Base,Base,DISTRIBUIDORES,32.0,MOBILE,4G,2G,Y,N,N,N,SMARTPHONE,SUR,VALLE DEL CAUCA,ZARZAL,Y,N,N,5.0,0,0,0,24000.0,0.0,0.0,0.0,20535.0,829,718,529,462.0,829,718,529,20073.0,0,0,0,0,58.0,76,20,20,146.5,92.4,103.5,13.0,5.0,5.0,10.0,4.0,35.0,1,0,0,14.8,0.6,0.0,0.0,16.0,15,14,18,0.0,0.0,0.0,2930.0,0,0,0,0.0,0,0,0,17143.0,0,0,0,0.0,0,0,0,8990864.0,130899.2,33149.9,19278.8,CORE,NO CORE,NO CORE,NO CORE,0.0,0,0,2,4.0,Voz Ilimitada + SMS Ilimitados Allnet + 1.3 GB + WA + FB 6d -$6000,,,,,,,0
226547,Base,Base,DISTRIBUIDORES,42.0,MOBILE,4G,2G,N,Y,N,Y,SMARTPHONE,BOGOTA,CUNDINAMARCA,GIRARDOT,Y,N,N,0.0,2,1,1,0.0,30000.0,2000.0,15000.0,4371.0,30844,6324,17104,4371.0,5753,5185,4558,0.0,25091,1139,12546,0,182.0,164,155,139,336.3,437.6,397.6,341.3,6.0,3.0,1.0,3.0,108.0,196,24,113,151.9,267.7,14.3,202.8,17.0,32,32,34,0.0,0.0,0.0,0.0,3663,1139,1831,0.0,0,0,0,0.0,21429,0,10714,0.0,0,0,0,7702984.0,11283997.0,739044.6,3429707.0,CORE,CORE   ,CORE   ,CORE   ,0.0,0,1,0,,,2.0,Voz Ilimitada + SMS Ilimitados Allnet + 6 GB + WA + FB 30d -$15000,,,1.0,Voz Ilimitada + SMS Ilimitados Allnet + 6 GB + WA + FB 30d -$15000,0
422600,Base,Base,DISTRIBUIDORES,3.0,MOBILE,4G,2G,Y,Y,N,N,SMARTPHONE,COSTA,BOLÍVAR,CARTAGENA DE INDIAS,Y,N,N,1.0,2,0,0,6500.0,16000.0,0.0,0.0,6536.0,13827,0,0,1100.0,445,0,0,5436.0,13382,0,0,0,16.0,10,0,0,82.4,33.3,0.0,0.0,0.0,1.0,0.0,0.0,5.0,8,0,0,10.2,19.8,0.0,0.0,0.0,2,0,0,0.0,0.0,0.0,794.0,1953,0,0,0.0,0,0,0,4643.0,11429,0,0,0.0,0,0,0,45097.1,7296123.0,0.0,0.0,CORE,CORE   ,NO CORE,NO CORE,1.0,1,16,0,1.0,Voz Ilimitada + SMS Ilimitados Allnet + 1.3 GB + WA + FB 6d -$6000,2.0,Voz Ilimitada + SMS Ilimitados Allnet + 1.3 GB + WA + FB 6d -$6000,,,,,0
150664,Base,Base,DISTRIBUIDORES,15.0,MOBILE,4G,2G,N,N,N,Y,SMARTPHONE,ANDINA,ANTIOQUIA,YARUMAL,Y,N,N,0.0,0,0,1,0.0,0.0,0.0,30000.0,5639.0,4421,6140,29864,5639.0,4421,6140,4773,0.0,0,0,25091,0,82.0,60,87,87,422.3,331.1,460.0,357.6,5.0,2.0,4.0,2.0,243.0,177,190,163,807.3,783.9,554.0,656.3,0.0,0,0,0,0.0,0.0,0.0,0.0,0,0,3663,0.0,0,0,0,0.0,0,0,21429,0.0,0,0,0,3274673.0,3163255.0,3742272.0,2855610.0,CORE,CORE   ,CORE   ,CORE   ,0.0,0,0,0,,,,,,,1.0,Voz Ilimitada + SMS Ilimitados Allnet + 10 GB + WA + FB 30d -$30000,0
116979,Base,Base,DISTRIBUIDORES,2.0,MOBILE,4G,4G,Y,Y,N,N,SMARTPHONE,COSTA,ATLÁNTICO,PIOJÓ,Y,N,N,5.0,1,0,0,23000.0,3000.0,0.0,0.0,20542.0,2909,0,0,310.0,400,0,0,20232.0,2509,0,0,0,279.0,214,0,0,1319.2,1064.8,0.0,0.0,114.0,5.0,0.0,0.0,481.0,19,0,0,2000.2,24.4,0.0,0.0,131.0,11,0,0,0.0,0.0,0.0,3198.0,366,0,0,0.0,0,0,0,16933.0,2143,0,0,101.0,0,0,0,23453924.0,610934.6,0.0,0.0,CORE,CORE   ,NO CORE,NO CORE,0.0,0,0,0,5.0,Voz Ilimitada + SMS Ilimitados Allnet + 350 MB + WA + FB 2d -$3000,1.0,Voz Ilimitada + SMS Ilimitados Allnet + 350 MB + WA + FB 2d -$3000,,,,,0
157656,Base,Base,DISTRIBUIDORES,15.0,MOBILE,4G,2G,Y,Y,Y,Y,SMARTPHONE,ANDINA,ANTIOQUIA,CHIGORODÓ,Y,N,N,5.0,5,5,5,29500.0,30000.0,30000.0,18000.0,31445.0,25360,25511,15329,722.0,269,420,274,30723.0,25091,25091,15055,0,50.0,33,39,30,121.2,34.4,63.3,33.4,7.0,0.0,6.0,0.0,61.0,134,168,139,53.0,145.1,178.5,147.3,22.0,3,24,3,0.0,0.0,0.0,3602.0,3663,3663,2198,0.0,0,0,0,21676.0,21429,21429,12857,5445.0,0,0,0,22207943.0,21720257.0,16681395.0,11165239.0,CORE,CORE   ,CORE   ,CORE   ,0.0,0,0,0,5.0,Voz Ilimitada + SMS Ilimitados Allnet + 1.3 GB + WA + FB 6d -$6000,5.0,Voz Ilimitada + SMS Ilimitados Allnet + 1.3 GB + WA + FB 6d -$6000,5.0,Voz Ilimitada + SMS Ilimitados Allnet + 1.3 GB + WA + FB 6d -$6000,5.0,Voz Ilimitada + SMS Ilimitados Allnet + 350 MB + WA + FB 2d -$3000,0
379025,Base,Base,DISTRIBUIDORES,8.0,MOBILE,4G,4G,Y,Y,Y,N,SMARTPHONE,BOGOTA,"BOGOTÁ, D. C.","BOGOTÁ, D.C.",Y,N,N,1.0,1,1,0,16000.0,15000.0,15000.0,0.0,14502.0,12881,12675,0,1120.0,335,129,0,13382.0,12546,12546,0,0,78.0,48,19,0,75.8,30.3,16.5,0.0,3.0,0.0,1.0,0.0,175.0,137,13,0,168.2,96.0,7.9,0.0,2.0,3,3,0,0.0,0.0,0.0,1953.0,1831,1831,0,0.0,0,0,0,11429.0,10714,10714,0,0.0,0,0,0,15196608.0,12354377.0,1396979.0,0.0,CORE,CORE   ,CORE   ,NO CORE,0.0,0,0,126,1.0,Voz Ilimitada + SMS Ilimitados Allnet + 6 GB + WA + FB 30d -$15000,1.0,Voz Ilimitada + SMS Ilimitados Allnet + 6 GB + WA + FB 30d -$15000,1.0,Voz Ilimitada + SMS Ilimitados Allnet + 6 GB + WA + FB 30d -$15000,,,0
475481,Base,Base,DISTRIBUIDORES,4.0,MOBILE,4G,4G,Y,Y,N,Y,SMARTPHONE,SUR,RISARALDA,SANTA ROSA DE CABAL,Y,N,N,2.0,1,0,1,10000.0,6000.0,0.0,5000.0,8508.0,5149,0,4182,144.0,131,0,0,8364.0,5018,0,4182,0,37.0,8,0,0,43.6,10.4,0.0,0.0,5.0,1.0,0.0,1.0,56.0,6,0,0,262.1,8.1,0.0,0.0,15.0,4,0,2,0.0,0.0,0.0,1221.0,733,0,610,0.0,0,0,0,7143.0,4286,0,3571,0.0,0,0,0,425927.6,3362525.0,0.0,3032.3,CORE,CORE   ,NO CORE,CORE   ,0.0,0,47,16,2.0,Voz Ilimitada + SMS Ilimitados Allnet + 350 MB + WA + FB 2d -$3000,1.0,Voz Ilimitada + SMS Ilimitados Allnet + 1.3 GB + WA + FB 6d -$6000,,,1.0,Voz Ilimitada + SMS Ilimitados Allnet + 2 GB 3d -$5000,0
85477,Base,Base,DISTRIBUIDORES,10.0,MOBILE,4G,2G,Y,N,N,N,SMARTPHONE,SUR,NARIÑO,SAN ANDRÉS DE TUMACO,N,N,Y,1.0,0,0,0,6500.0,0.0,0.0,0.0,6119.0,0,0,0,683.0,0,0,0,5436.0,0,0,0,0,13.0,0,0,1,51.6,0.0,0.0,4.5,5.0,0.0,0.0,0.0,49.0,0,0,0,74.6,0.0,0.0,0.0,6.0,0,0,0,0.0,0.0,0.0,794.0,0,0,0,0.0,0,0,0,4643.0,0,0,0,0.0,0,0,0,9062391.0,0.0,0.0,0.0,CORE,NO CORE,NO CORE,NO CORE,106.0,106,76,45,1.0,Voz Ilimitada + SMS Ilimitados Allnet + 1.3 GB + WA + FB 6d -$6000,,,,,,,0
419554,Base,Base,DISTRIBUIDORES,57.0,MOBILE,4G,4G,Y,Y,Y,Y,SMARTPHONE,COSTA,MAGDALENA,SANTA MARTA,Y,N,N,3.0,2,3,4,18000.0,12000.0,15000.0,24000.0,17711.0,12914,16309,23062,2656.0,2878,3763,2989,15055.0,10036,12546,20073,0,135.0,125,183,181,394.6,386.9,633.3,553.2,4.0,1.0,2.0,3.0,191.0,211,308,457,323.5,387.7,534.5,731.1,7.0,8,3,3,0.0,0.0,0.0,2198.0,1465,1831,2930,0.0,0,0,0,12857.0,8571,10714,17143,0.0,0,0,0,2414204.0,1154806.0,1706410.0,8236587.0,CORE,CORE   ,CORE   ,CORE   ,0.0,0,1,0,3.0,Voz Ilimitada + SMS Ilimitados Allnet + 1.3 GB + WA + FB 6d -$6000,2.0,Voz Ilimitada + SMS Ilimitados Allnet + 1.3 GB + WA + FB 6d -$6000,3.0,Voz Ilimitada + SMS Ilimitados Allnet + 1.3 GB + WA + FB 6d -$6000,4.0,Voz Ilimitada + SMS Ilimitados Allnet + 1.3 GB + WA + FB 6d -$6000,0
220897,Base,Base,TIENDAS_PROPIAS,3.0,MOBILE,4G,2G,Y,N,N,N,SMARTPHONE,SUR,QUINDÍO,FILANDIA,Y,N,N,1.0,0,1,0,16000.0,0.0,10000.0,0.0,13382.0,0,0,0,0.0,0,0,0,13382.0,0,0,0,0,0.0,0,0,0,0.0,0.0,0.0,0.0,1.0,0.0,0.0,0.0,9.0,0,0,0,26.8,0.0,0.0,0.0,4.0,0,0,0,0.0,0.0,0.0,1953.0,0,0,0,0.0,0,0,0,11429.0,0,0,0,0.0,0,0,0,16943398.0,0.0,0.0,0.0,CORE,NO CORE,NO CORE,NO CORE,30.0,30,0,0,1.0,Voz Ilimitada + SMS Ilimitados Allnet + 6 GB + WA + FB 30d -$15000,,,1.0,Voz Ilimitada + SMS Ilimitados Allnet + 5 GB Sem -$10000,,,0
447806,Base,Base,DISTRIBUIDORES,54.0,MOBILE,3G,2G,N,N,N,N,FEATURE PHONE,COSTA,MAGDALENA,CERRO DE SAN ANTONIO,Y,N,N,0.0,0,0,0,0.0,0.0,0.0,0.0,2412.0,1594,1098,944,2412.0,1594,1098,944,0.0,0,0,0,0,104.0,65,58,66,248.5,206.9,213.5,125.5,0.0,0.0,0.0,0.0,0.0,0,0,0,0.0,0.0,0.0,0.0,0.0,0,0,0,0.0,0.0,0.0,0.0,0,0,0,0.0,0,0,0,0.0,0,0,0,0.0,0,0,0,0.8,0.8,0.4,1.0,CORE,CORE   ,NO CORE,NO CORE,0.0,0,8,1,,,,,,,,,0
261830,Base,Base,E-COMMERCE,10.0,MOBILE,3G,4G,Y,Y,N,Y,SMARTPHONE,SUR,CALDAS,ANSERMA,Y,N,N,4.0,5,0,1,14000.0,15000.0,0.0,15000.0,14243.0,16647,5088,15639,2534.0,4120,5088,3093,11709.0,12527,0,12546,0,46.0,121,71,58,247.2,429.8,380.7,232.1,8.0,4.0,12.0,0.0,129.0,149,103,180,224.8,464.9,138.5,344.1,19.0,35,18,20,0.0,0.0,0.0,1709.0,2338,0,1831,0.0,1618,0,0,10000.0,8571,0,10714,0.0,0,0,0,1170895.0,200334.5,1680018.0,2154090.0,CORE,CORE   ,CORE   ,CORE   ,0.0,0,0,0,4.0,Voz Ilimitada + SMS Ilimitados Allnet + 500 MB + WA + FB 5d -$3000,4.0,Voz Ilimitada + SMS Ilimitados Allnet + 500 MB + WA + FB 5d -$3000,,,1.0,Voz Ilimitada + SMS Ilimitados Allnet + 6 GB + WA + FB 30d -$15000,0
61006,Base,Base,RETAIL,15.0,MOBILE,3G,2G,Y,Y,Y,Y,FEATURE PHONE,BOGOTA,CUNDINAMARCA,PASCA,Y,N,N,3.0,3,3,4,26500.0,15000.0,13000.0,20000.0,23310.0,13578,11446,16993,1146.0,1032,571,266,22164.0,12546,10875,16727,0,38.0,24,17,22,85.9,77.2,42.6,19.6,5.0,3.0,2.0,6.0,135.0,150,165,112,132.8,119.7,188.2,97.5,22.0,17,12,21,0.0,0.0,0.0,3235.0,1831,1589,2442,0.0,0,0,0,18929.0,10714,9286,14286,0.0,0,0,0,1402077.0,751907.8,297017.4,956523.8,CORE,CORE   ,CORE   ,CORE   ,0.0,0,0,0,3.0,"Voz Ilimitada + SMS Ilimitados Allnet + 1,5 GB + WA + FB 7d ATCK -$5000",3.0,"Voz Ilimitada + SMS Ilimitados Allnet + 1,5 GB + WA + FB 7d ATCK -$5000",3.0,"Voz Ilimitada + SMS Ilimitados Allnet + 1,5 GB + WA + FB 7d ATCK -$5000",4.0,"Voz Ilimitada + SMS Ilimitados Allnet + 1,5 GB + WA + FB 7d ATCK -$5000",0
377079,Base,Base,DISTRIBUIDORES,8.0,MOBILE,4G,4G,Y,Y,N,Y,SMARTPHONE,COSTA,CÓRDOBA,LORICA,Y,N,N,2.0,1,0,1,6500.0,7000.0,0.0,10000.0,5713.0,7107,426,8693,1861.0,1252,426,329,3852.0,5855,0,8364,0,110.0,69,93,97,318.2,223.0,150.5,182.7,3.0,1.0,2.0,2.0,155.0,6,80,36,350.9,4.4,115.0,57.2,0.0,0,7,0,0.0,0.0,0.0,427.0,855,0,1221,924.0,0,0,0,2500.0,5000,0,7143,0.0,0,0,0,2295859.0,135630.7,1030247.0,282903.6,CORE,CORE   ,NO CORE,CORE   ,0.0,0,2,0,1.0,Voz Ilimitada + SMS Ilimitados Allnet + 350 MB + WA + FB 2d -$3000,1.0,Voz Ilimitada + SMS Ilimitados Allnet + 2 GB + WA + FB 7d -$7000,,,1.0,Voz Ilimitada + SMS Ilimitados Allnet + 3 GB + WA + FB 10d -$10000,0
83944,Base,Base,FUERZA_VD,76.0,MOBILE,4G,2G,Y,Y,Y,Y,SMARTPHONE,ANDINA,ANTIOQUIA,APARTADÓ,Y,N,N,4.0,2,2,4,17000.0,9000.0,6000.0,8000.0,15727.0,10480,6848,8654,1509.0,2953,1830,2010,14218.0,7527,5018,6644,0,90.0,62,109,107,158.5,127.3,170.7,144.8,14.0,43.0,20.0,22.0,48.0,25,20,51,46.5,21.2,15.0,27.2,25.0,22,27,24,0.0,0.0,0.0,2075.0,1099,733,2358,0.0,0,0,0,12143.0,6429,4286,4286,0.0,0,0,0,2512393.0,328768.2,421844.1,382554.5,CORE,CORE   ,CORE   ,CORE   ,0.0,0,0,0,4.0,Voz Ilimitada + SMS Ilimitados Allnet + 350 MB + WA + FB 2d -$3000,2.0,Voz Ilimitada + SMS Ilimitados Allnet + 350 MB + WA + FB 2d -$3000,2.0,Voz Ilimitada + SMS Ilimitados Allnet + 350 MB + WA + FB 2d -$3000,2.0,Voz Ilimitada + SMS Ilimitados Allnet + 350 MB + WA + FB 2d -$3000,0
79656,Base,Base,DISTRIBUIDORES,25.0,MOBILE,3G,4G,Y,Y,Y,N,SMARTPHONE,ANDINA,ANTIOQUIA,MEDELLÍN,Y,N,N,1.0,1,1,0,7500.0,7000.0,7000.0,0.0,6302.0,5878,5940,65,29.0,23,85,65,6273.0,5855,5855,0,0,4.0,12,9,8,1.8,8.3,6.4,10.9,6.0,1.0,1.0,0.0,6.0,30,0,0,1.3,5.1,0.0,0.0,20.0,18,17,18,0.0,0.0,0.0,916.0,855,855,0,0.0,0,0,0,5357.0,5000,5000,0,0.0,0,0,0,335524.8,1306275.0,4163.8,9543.9,CORE,CORE   ,CORE   ,NO CORE,2.0,2,0,0,1.0,Voz Ilimitada + SMS Ilimitados Allnet + 2 GB + WA + FB 7d -$7000,1.0,Voz Ilimitada + SMS Ilimitados Allnet + 2 GB + WA + FB 7d -$7000,1.0,Voz Ilimitada + SMS Ilimitados Allnet + 2 GB + WA + FB 7d -$7000,,,0
233245,Base,Base,DISTRIBUIDORES,97.0,MOBILE,4G,4G,Y,Y,Y,Y,SMARTPHONE,COSTA,BOLÍVAR,CARTAGENA DE INDIAS,Y,N,N,4.0,4,5,3,29500.0,27000.0,31000.0,21000.0,25854.0,23215,26352,18467,614.0,633,480,819,25240.0,22582,25872,17648,0,37.0,34,31,42,150.9,127.7,102.6,151.0,9.0,8.0,5.0,7.0,127.0,105,78,122,237.5,199.8,228.1,237.1,41.0,33,38,35,0.0,0.0,0.0,3643.0,3296,8498,2564,462.0,0,693,0,20714.0,19286,16429,15000,420.0,0,252,84,4743208.0,4597840.0,892535.2,1777198.0,CORE,CORE   ,CORE   ,CORE   ,0.0,0,0,0,4.0,Voz Ilimitada + SMS Ilimitados Allnet + 2 GB + WA + FB 7d -$7000,4.0,Voz Ilimitada + SMS Ilimitados Allnet + 2 GB + WA + FB 7d -$7000,4.0,Voz Ilimitada + SMS Ilimitados Allnet + 2 GB + WA + FB 7d -$7000,3.0,Voz Ilimitada + SMS Ilimitados Allnet + 2 GB + WA + FB 7d -$7000,0
318987,Base,Base,DISTRIBUIDORES,11.0,MOBILE,4G,2G,Y,Y,Y,Y,SMARTPHONE,BOGOTA,CUNDINAMARCA,VIOTÁ,Y,N,N,1.0,1,1,1,16000.0,15000.0,15000.0,15000.0,19461.0,17493,20709,21147,6079.0,4947,8163,8601,13382.0,12546,12546,12546,0,59.0,70,78,92,427.6,371.1,611.8,644.6,1.0,0.0,7.0,2.0,217.0,175,147,276,582.0,362.9,209.5,725.5,1.0,1,2,2,0.0,0.0,0.0,1953.0,1831,1831,1831,0.0,0,0,0,11429.0,10714,10714,10714,0.0,0,0,0,5532150.0,10380656.0,11456224.0,16214631.0,CORE,CORE   ,CORE   ,CORE   ,0.0,0,0,1,1.0,Voz Ilimitada + SMS Ilimitados Allnet + 6 GB + WA + FB 30d -$15000,1.0,Voz Ilimitada + SMS Ilimitados Allnet + 6 GB + WA + FB 30d -$15000,1.0,Voz Ilimitada + SMS Ilimitados Allnet + 6 GB + WA + FB 30d -$15000,1.0,Voz Ilimitada + SMS Ilimitados Allnet + 6 GB + WA + FB 30d -$15000,0
458401,Base,Base,RETAIL,33.0,MOBILE,4G,4G,Y,Y,Y,Y,SMARTPHONE,SUR,CAUCA,PATÍA,Y,N,N,3.0,3,2,3,10500.0,6999.0,6000.0,9000.0,9004.0,5886,5217,7645,222.0,32,199,118,8782.0,5854,5018,7527,0,3.0,5,5,6,16.4,2.4,15.0,8.8,3.0,0.0,0.0,1.0,86.0,23,58,63,257.0,34.2,95.5,143.3,28.0,15,16,18,0.0,0.0,0.0,1282.0,854,733,1099,0.0,0,0,0,7500.0,4999,4286,6429,0.0,0,0,0,2472706.0,1156865.0,1409272.0,2408356.0,CORE,CORE   ,CORE   ,CORE   ,1.0,1,0,2,3.0,Voz Ilimitada + SMS Ilimitados Allnet + 500 MB + WA + FB 5d -$3000,2.0,Voz Ilimitada + SMS Ilimitados Allnet + 500 MB + WA + FB 5d -$3000,2.0,Voz Ilimitada + SMS Ilimitados Allnet + 500 MB + WA + FB 5d -$3000,3.0,Voz Ilimitada + SMS Ilimitados Allnet + 500 MB + WA + FB 5d -$3000,0
132432,Base,Base,DISTRIBUIDORES,5.0,MOBILE,4G,4G,Y,Y,N,N,SMARTPHONE,COSTA,CÓRDOBA,LA APARTADA,Y,N,N,1.0,4,0,0,3500.0,9000.0,0.0,0.0,2929.0,6562,0,20,2.0,35,0,20,2927.0,6527,0,0,0,6.0,17,12,42,6.1,20.6,8.4,167.1,2.0,3.0,0.0,2.0,0.0,2,0,0,0.0,0.2,0.0,0.0,2.0,10,15,1,0.0,0.0,0.0,427.0,855,0,0,0.0,672,0,0,2500.0,5000,0,0,0.0,0,0,0,3915395.0,3698735.0,806348.5,125058.6,CORE,CORE   ,NO CORE,NO CORE,2.0,2,1,2,1.0,Voz Ilimitada + SMS Ilimitados Allnet + 350 MB + WA + FB 2d -$3000,2.0,Voz Ilimitada + SMS Ilimitados Allnet + 350 MB + WA + FB 2d -$3000,,,,,0
165854,Base,Base,DISTRIBUIDORES,86.0,MOBILE,4G,2G,Y,Y,Y,Y,SMARTPHONE,COSTA,BOLÍVAR,MOMPÓS,Y,N,N,2.0,3,2,3,22000.0,30000.0,20000.0,30000.0,21750.0,29133,27800,29710,3350.0,4042,11073,4619,18400.0,25091,16727,25091,0,181.0,146,279,191,1642.9,1332.1,1411.0,1264.5,3.0,1.0,3.0,4.0,170.0,216,343,278,933.2,757.2,776.1,976.8,1.0,34,8,23,0.0,0.0,0.0,2686.0,3663,2442,3663,0.0,0,0,0,15714.0,21429,14286,21429,0.0,0,0,0,1551868.0,3017320.0,3056375.0,4165192.0,CORE,CORE   ,CORE   ,CORE   ,0.0,0,0,0,2.0,Voz Ilimitada + SMS Ilimitados Allnet + 3 GB + WA + FB 10d -$10000,3.0,Voz Ilimitada + SMS Ilimitados Allnet + 3 GB + WA + FB 10d -$10000,2.0,Voz Ilimitada + SMS Ilimitados Allnet + 3 GB + WA + FB 10d -$10000,3.0,Voz Ilimitada + SMS Ilimitados Allnet + 3 GB + WA + FB 10d -$10000,0
237372,Base,Base,FUERZA_VD,114.0,MOBILE,2G,3G,N,N,N,N,FEATURE PHONE,ANDINA,ANTIOQUIA,MEDELLÍN,Y,N,N,3.0,5,3,5,15000.0,25000.0,15000.0,25000.0,19220.0,15618,21153,22529,2625.0,1600,1682,1494,16595.0,14018,19471,21035,0,51.0,33,36,31,150.3,120.1,126.1,112.1,0.0,0.0,0.0,0.0,76.0,57,77,91,94.0,102.1,109.1,135.9,0.0,0,0,0,0.0,0.0,0.0,12898.0,10551,13924,16498,3697.0,3466,5546,4538,0.0,0,0,0,0.0,0,0,0,0.0,0.0,0.0,0.0,CORE,CORE   ,CORE   ,CORE   ,0.0,0,0,1,,,,,,,,,0
392517,Base,Base,DISTRIBUIDORES,86.0,MOBILE,4G,2G,Y,Y,Y,Y,SMARTPHONE,ANDINA,ANTIOQUIA,MEDELLÍN,Y,N,N,4.0,2,9,6,14000.0,6000.0,27000.0,18000.0,24119.0,17765,23916,22300,12410.0,12747,1334,7245,11709.0,5018,22582,15055,0,62.0,60,38,40,1284.1,1123.4,453.1,588.6,4.0,4.0,129.0,10.0,11.0,33,42,24,62.2,213.9,469.2,441.4,0.0,11,161,47,0.0,0.0,0.0,1709.0,733,3296,2198,0.0,0,0,0,10000.0,4286,19286,12857,0.0,0,0,0,9485158.0,14317512.0,18920150.0,28654713.0,CORE,CORE   ,CORE   ,CORE   ,4.0,4,0,5,4.0,Voz Ilimitada + SMS Ilimitados Allnet + 1 GB 2d -$3000,2.0,Voz Ilimitada + SMS Ilimitados Allnet + 350 MB + WA + FB 2d -$3000,9.0,Voz Ilimitada + SMS Ilimitados Allnet + 1 GB 2d -$3000,6.0,Voz Ilimitada + SMS Ilimitados Allnet + 1 GB 2d -$3000,0
